  7.80213090478437538E-002  0.62004108558698789       6.05795422946800110E-005  1.67406409136495538E-003   0.0000000000000000     
  7.80305702761746045E-002  0.62006562825052414       6.67478240753549551E-005  1.76631078262416176E-003   0.0000000000000000     
  7.80472318744735577E-002  0.62010937740854133       7.79921312815846918E-005  1.92516550752935118E-003   0.0000000000000000     
  7.80712974366045698E-002  0.62017166663869938       9.45280547083351795E-005  2.14120996875604786E-003   0.0000000000000000     
  7.81027672615679097E-002  0.62025177322620395       1.16601737195423904E-004  2.40474582725667876E-003   0.0000000000000000     
  7.81416412559066964E-002  0.62034917659242572       1.44461533024500837E-004  2.70724063414764377E-003   0.0000000000000000     
  7.81879192066176204E-002  0.62046348115865202       1.78341459595441747E-004  3.04175329712447120E-003   0.0000000000000000     
  7.82416008320635098E-002  0.62059424041161693       2.18454248556963239E-004  3.40283275582551779E-003   0.0000000000000000     
  7.83026857955595179E-002  0.62074092607707876       2.64989564900117982E-004  3.78624106762525531E-003   0.0000000000000000     
  7.83711737099515998E-002  0.62090297379945281       3.18114951391685523E-004  4.18867488910388240E-003   0.0000000000000000     
  7.84470641394610646E-002  0.62107982263796091       3.77977406230086235E-004  4.60753096974743544E-003   0.0000000000000000     
  7.85303566005561837E-002  0.62127093435703074       4.44705395753596552E-004  5.04073041062825730E-003   0.0000000000000000     
  7.86210505624367617E-002  0.62147580000886082       5.18410683730350405E-004  5.48658803286044411E-003   0.0000000000000000     
  7.87191454473533808E-002  0.62169394058472283       5.99189764699894199E-004  5.94371519215118257E-003   0.0000000000000000     
  7.88246406308526076E-002  0.62192490521108568       6.87125606678194571E-004  6.41095396854789081E-003   0.0000000000000000     
  7.89375354419902253E-002  0.62216826851601614       7.82288516013839638E-004  6.88732262997540038E-003   0.0000000000000000     
  7.90578291635325725E-002  0.62242362791429562       8.84737272002741643E-004  7.37197910984509642E-003   0.0000000000000000     
  7.91855210321558006E-002  0.62269060098832441       9.94520242405334343E-004  7.86419455980866093E-003   0.0000000000000000     
  7.93206102386493778E-002  0.62296882320339753       1.11167569125178922E-003  8.36332802090497367E-003   0.0000000000000000     
  7.94630959281261567E-002  0.62325794595056527       1.23623283884014435E-003  8.86881326113424413E-003   0.0000000000000000     
  7.96129772002406727E-002  0.62355763483409599       1.36821226105404139E-003  9.38014443987993454E-003   0.0000000000000000     
  7.97702531094178630E-002  0.62386756821741396       1.50762658142764819E-003  9.89686727133588275E-003   0.0000000000000000     
  7.99349226650909461E-002  0.62418743608443272       1.65448052009811220E-003  1.04185682617651369E-002   0.0000000000000000     
  8.01069848319507366E-002  0.62451693903043859       1.80877191118637096E-003  1.09448723184044430E-002   0.0000000000000000     
  8.02864385302056033E-002  0.62485578743844283       1.97049145539520028E-003  1.14754335290868734E-002   0.0000000000000000     
  8.04732826358519893E-002  0.62520370078100618       2.13962370981749753E-003  1.20099348929141956E-002   0.0000000000000000     
  8.06675159809568110E-002  0.62556040694926685       2.31614696889751110E-003  1.25480821056727972E-002   0.0000000000000000     
  8.08691373539502240E-002  0.62592564188656352       2.50003343930546573E-003  1.30896001469972822E-002   0.0000000000000000     
  8.10781454999298656E-002  0.62629914925794761       2.69124980579244421E-003  1.36342325200402500E-002   0.0000000000000000     
  8.12945391209763807E-002  0.62668067984334153       2.88975802219193023E-003  1.41817417459569762E-002   0.0000000000000000     
  8.15183168764801597E-002  0.62706999128880991       3.09551426226989000E-003  1.47319010198613942E-002   0.0000000000000000     
  8.17494773834787219E-002  0.62746684807979891       3.30847002025087735E-003  1.52844972752803811E-002   0.0000000000000000     
  8.19880192170054922E-002  0.62787102111827764       3.52857249409969410E-003  1.58393305098280604E-002   0.0000000000000000     
  8.22339409104503732E-002  0.62828228749420045       3.75576427800767155E-003  1.63962102141721466E-002   0.0000000000000000     
  8.24872409559301717E-002  0.62870043045893120       3.98998368992669206E-003  1.69549550786219846E-002   0.0000000000000000     
  8.27479178046704872E-002  0.62912523910427065       4.23116549958360913E-003  1.75153944075310160E-002   0.0000000000000000     
  8.30159698673997026E-002  0.62955650832952093       4.47924002333903795E-003  1.80773627350013788E-002   0.0000000000000000     
  8.32913955147518981E-002  0.62999403880044524       4.73413446544406272E-003  1.86407040813250865E-002   0.0000000000000000     
  8.35741930776824210E-002  0.63043763657999274       4.99577264578982688E-003  1.92052694031439285E-002   0.0000000000000000     
  8.38643608478939068E-002  0.63088711329847746       5.26407456597872535E-003  1.97709137973485459E-002   0.0000000000000000     
  8.41618970782722353E-002  0.63134228584500807       5.53895812774084662E-003  2.03375019891195372E-002   0.0000000000000000     
  8.44667999833347144E-002  0.63180297626946358       5.82033731439385305E-003  2.09049004005375828E-002   0.0000000000000000     
  8.47790677396881992E-002  0.63226901207278219       6.10812359276890256E-003  2.14729815621561917E-002   0.0000000000000000     
  8.50986984864976342E-002  0.63274022574171751       6.40222640513503274E-003  2.20416248438066419E-002   0.0000000000000000     
  8.54256903259662109E-002  0.63321645460591214       6.70255234375535976E-003  2.26107126601292306E-002   0.0000000000000000     
  8.57600413238252535E-002  0.63369754102796028       7.00900552208027269E-003  2.31801310897377412E-002   0.0000000000000000     
  8.61017495098354152E-002  0.63418333232375745       7.32148804065147971E-003  2.37497707338047252E-002   0.0000000000000000     
  8.64508128782974644E-002  0.63467368061528906       7.63990002043544308E-003  2.43195261062287525E-002   0.0000000000000000     
  8.68072293885745749E-002  0.63516844285449370       7.96413961065323313E-003  2.48892950174920934E-002   0.0000000000000000     
  8.71709969656245670E-002  0.63566748031393738       8.29410414687346657E-003  2.54589815612081688E-002   0.0000000000000000     
  8.75421135005420431E-002  0.63617065911023385       8.62968729389490367E-003  2.60284866840875262E-002   0.0000000000000000     
  8.79205768511118896E-002  0.63667784986905729       8.97078372140856957E-003  2.65977220616894217E-002   0.0000000000000000     
  8.83063848423721043E-002  0.63718892762194246       9.31728433523553931E-003  2.71665950510610460E-002   0.0000000000000000     
  8.86995352671870047E-002  0.63770377207487361       9.66908062854192341E-003  2.77350212860179510E-002   0.0000000000000000     
  8.91000258868312606E-002  0.63822226700654150       1.00260622094233750E-002  2.83029168060350660E-002   0.0000000000000000     
  8.95078544315831698E-002  0.63874430032013030       1.03881181456696933E-002  2.88702015407325159E-002   0.0000000000000000     
  8.99230186013282584E-002  0.63926976470022479       1.07551347837181854E-002  2.94367928297203513E-002   0.0000000000000000     
  9.03455160661733592E-002  0.63979855681407871       1.11270009962930062E-002  3.00026195582156138E-002   0.0000000000000000     
  9.07753444670695298E-002  0.64033057701918572       1.15036022346088288E-002  3.05676053105799102E-002   0.0000000000000000     
  9.12125014164457404E-002  0.64086572972076139       1.18848251607700257E-002  3.11316806950172262E-002   0.0000000000000000     
  9.16569844988524285E-002  0.64140392347783071       1.22705535993508520E-002  3.16947722113947172E-002   0.0000000000000000     
  9.21087912716139351E-002  0.64194507137431711       1.26606727068895395E-002  3.22568129801100445E-002   0.0000000000000000     
  9.25679192654911970E-002  0.64248908960623508       1.30550683385253791E-002  3.28177405352645946E-002   0.0000000000000000     
  9.30343659853545418E-002  0.64303589785169790       1.34536243542383790E-002  3.33774896919473013E-002   0.0000000000000000     
  9.35081289108645602E-002  0.64358542017720233       1.38562243485648180E-002  3.39359968049633559E-002   0.0000000000000000     
  9.39892054971643298E-002  0.64413758404368127       1.42627536898031568E-002  3.44932044545333064E-002   0.0000000000000000     
  9.44775931755792997E-002  0.64469232056614845       1.46730956318451150E-002  3.50490516330259141E-002   0.0000000000000000     
  9.49732893543280693E-002  0.64524956405924605       1.50871364064146876E-002  3.56034858462095372E-002   0.0000000000000000     
  9.54762914192413270E-002  0.64580925219593088       1.55047590122408142E-002  3.61564479960356996E-002   0.0000000000000000     
  9.59865967344906423E-002  0.64637132693762245       1.59258484590079213E-002  3.67078847323830879E-002   0.0000000000000000     
  9.65042026433258482E-002  0.64693573243323377       1.63502920170978741E-002  3.72577485760009972E-002   0.0000000000000000     
  9.70291064688226790E-002  0.64750241680022402       1.67779723234082294E-002  3.78059819468145944E-002   0.0000000000000000     
  9.75613055146379027E-002  0.64807133123068195       1.72087790217387640E-002  3.83525435589471900E-002   0.0000000000000000     
  9.81007970657744865E-002  0.64864242918701243       1.76425970252020066E-002  3.88973815633127037E-002   0.0000000000000000     
  9.86475783893556446E-002  0.64921566824658627       1.80793136236612716E-002  3.94404495228525276E-002   0.0000000000000000     
  9.92016467354068926E-002  0.64979100866124262       1.85188174122070497E-002  3.99817037282351670E-002   0.0000000000000000     
  9.97629993376477620E-002  0.65036841347729657       1.89609970165842447E-002  4.05211002530909969E-002   0.0000000000000000     
  0.10033163341429206       0.65094784858481436       1.94057424241546109E-002  4.10585977044905792E-002   0.0000000000000000     
  0.10090754616885587       0.65152928175888269       1.98529450522403790E-002  4.15941571694652748E-002   0.0000000000000000     
  0.10149073479097570       0.65211268507978959       2.03024921021771956E-002  4.21277303135301970E-002   0.0000000000000000     
  0.10208119645723321       0.65269803270565385       2.07542807391232244E-002  4.26592889089451935E-002   0.0000000000000000     
  0.10267892833199024       0.65328530029811394       2.12082009827550960E-002  4.31887889965071534E-002   0.0000000000000000     
  0.10328392756823086       0.65387446757515588       2.16641472088718694E-002  4.37161947634897019E-002   0.0000000000000000     
  0.10389619130841238       0.65446551600836167       2.21220153536905439E-002  4.42414725329446992E-002   0.0000000000000000     
  0.10451571668532411       0.65505842911692425       2.25817013807623340E-002  4.47645875845946659E-002   0.0000000000000000     
  0.10514250082295447       0.65565319363893082       2.30431012090682695E-002  4.52855040167277137E-002   0.0000000000000000     
  0.10577654083736658       0.65624979816331042       2.35061155581227678E-002  4.58041941976438591E-002   0.0000000000000000     
  0.10641783383758104       0.65684823260734282       2.39706435282731750E-002  4.63206259781421964E-002   0.0000000000000000     
  0.10706637692646734       0.65744848916051157       2.44365858309411599E-002  4.68347690381261325E-002   0.0000000000000000     
  0.10772216720164247       0.65805056363892045       2.49038413267202823E-002  4.73465882012637992E-002   0.0000000000000000     
  0.10838520175637836       0.65865445331155592       2.53723174738975307E-002  4.78560633079450209E-002   0.0000000000000000     
  0.10905547768051563       0.65926015534789306       2.58419181793166364E-002  4.83631658671963213E-002   0.0000000000000000     
  0.10973299206138599       0.65986767118217515       2.63125453302475339E-002  4.88678622051000253E-002   0.0000000000000000     
  0.11041774198474236       0.66047700394427467       2.67841097914212067E-002  4.93701339111213694E-002   0.0000000000000000     
  0.11110972453569533       0.66108815724418779       2.72565185744256984E-002  4.98699537787209574E-002   0.0000000000000000     
  0.11180893679965857       0.66170113661977403       2.77296822701324046E-002  5.03672996168248038E-002   0.0000000000000000     
  0.11251537586330036       0.66231594993447140       2.82035092891440922E-002  5.08621436717713385E-002   0.0000000000000000     
  0.11322903881550264       0.66293260707542101       2.86779135946093403E-002  5.13544666628871632E-002   0.0000000000000000     
  0.11394992274832849       0.66355111859852711       2.91528089240763698E-002  5.18442472048780134E-002   0.0000000000000000     
  0.11467802475799489       0.66417149638269601       2.96281106952097709E-002  5.23314652431475236E-002   0.0000000000000000     
  0.11541334194585406       0.66479375421237796       3.01037339633093599E-002  5.28160984236218170E-002   0.0000000000000000     
  0.11615587141938065       0.66541790732349759       3.05795975335383940E-002  5.32981293356326671E-002   0.0000000000000000     
  0.11690561029316703       0.66604397201013799       3.10556198112262247E-002  5.37775381658393212E-002   0.0000000000000000     
  0.11766255568992473       0.66667196654819083       3.15317208686255318E-002  5.42543063348084678E-002   0.0000000000000000     
  0.11842670474149260       0.66730190959159730       3.20078246116838050E-002  5.47284201667425849E-002   0.0000000000000000     
  0.11919805458985235       0.66793382097247844       3.24838522570493338E-002  5.51998596590710933E-002   0.0000000000000000     
  0.11997660238815004       0.66856772238810191       3.29597288990946258E-002  5.56686097752626396E-002   0.0000000000000000     
  0.12076234530172443       0.66920363737544042       3.34353790060673145E-002  5.61346527412715929E-002   0.0000000000000000     
  0.12155528050914252       0.66984158848831243       3.39107355776415362E-002  5.65979834202571599E-002   0.0000000000000000     
  0.12235540520323999       0.67048159932460760       3.43857217070028809E-002  5.70585783607549732E-002   0.0000000000000000     
  0.12316271659217005       0.67112369653895088       3.48602690952386149E-002  5.75164268826826447E-002   0.0000000000000000     
  0.12397721190045659       0.67176790706139455       3.53343087011563292E-002  5.79715153859737126E-002   0.0000000000000000     
  0.12479888837005589       0.67241425819150547       3.58077755145883650E-002  5.84238352343885159E-002   0.0000000000000000     
  0.12562774326142151       0.67306277704622475       3.62806037069245899E-002  5.88733747651479997E-002   0.0000000000000000     
  0.12646377385457858       0.67371349272906766       3.67527265265720007E-002  5.93201192183469353E-002   0.0000000000000000     
  0.12730697745020172       0.67436643597635515       3.72240813138800877E-002  5.97640588860559735E-002   0.0000000000000000     
  0.12815735137070061       0.67502163789351999       3.76946069706445147E-002  6.02051849540718650E-002   0.0000000000000000     
  0.12901489296130972       0.67567912817125564       3.81642464581790006E-002  6.06434934661240418E-002   0.0000000000000000     
  0.12987959959118606       0.67633893890924890       3.86329339863928714E-002  6.10789649656586012E-002   0.0000000000000000     
  0.13075146865451115       0.67700110436535021       3.91006156937472871E-002  6.15115974343683411E-002   0.0000000000000000     
  0.13163049757159886       0.67766565638779230       3.95672365930119369E-002  6.19413854433386105E-002   0.0000000000000000     
  0.13251668379001030       0.67833262873680555       4.00327378674825915E-002  6.23683160451375465E-002   0.0000000000000000     
  0.13341002478567268       0.67900205668309421       4.04970675709743627E-002  6.27923855636359635E-002   0.0000000000000000     
  0.13431051806400462       0.67967397358899939       4.09601751540528969E-002  6.32135909468484330E-002   0.0000000000000000     
  0.13521816116104690       0.68034841542050284       4.14220032816184983E-002  6.36319172045064219E-002   0.0000000000000000     
  0.13613295164459854       0.68102541898424174       4.18825071341183686E-002  6.40473672165972480E-002   0.0000000000000000     
  0.13705488711535821       0.68170501843105213       4.23416377400658434E-002  6.44599359760605062E-002   0.0000000000000000     
  0.13798396520807157       0.68238725143137713       4.27993418699699132E-002  6.48696106264151778E-002   0.0000000000000000     
  0.13892018359268274       0.68307215568406254       4.32555789465258328E-002  6.52763961720962821E-002   0.0000000000000000     
  0.13986353997549206       0.68375976736644650       4.37103012086268866E-002  6.56802853075570264E-002   0.0000000000000000     
  0.14081403210031909       0.68445012395285132       4.41634651779412232E-002  6.60812758594181010E-002   0.0000000000000000     
  0.14177165774966946       0.68514326372758949       4.46150256962051101E-002  6.64793618146470588E-002   0.0000000000000000     
  0.14273641474590823       0.68583922604774061       4.50649418798756557E-002  6.68745422574949927E-002   0.0000000000000000     
  0.14370830095243753       0.68653804771836802       4.55131770300206059E-002  6.72668211533667959E-002   0.0000000000000000     
  0.14468731427487910       0.68723976794530017       4.59596838041971267E-002  6.76561854454658940E-002   0.0000000000000000     
  0.14567345266226286       0.68794442618156826       4.64044312626502933E-002  6.80426450705218927E-002   0.0000000000000000     
  0.14666671410821791       0.68865206033932758       4.68473773723719969E-002  6.84261923692827262E-002   0.0000000000000000     
  0.14766709665217162       0.68936271009206895       4.72884875499782475E-002  6.88068294287379617E-002   0.0000000000000000     
  0.14867459838055055       0.69007641459229219       4.77277252881851757E-002  6.91845543296420867E-002   0.0000000000000000     
  0.14968921742798791       0.69079321455802134       4.81650552265743478E-002  6.95593656776892499E-002   0.0000000000000000     
  0.15071095197853482       0.69151314842734934       4.86004494747637392E-002  6.99312717126090583E-002   0.0000000000000000     
  0.15173980026687678       0.69223625578773240       4.90338686276851551E-002  7.03002629359862907E-002   0.0000000000000000     
  0.15277576057955450       0.69296257701105668       4.94652870936227104E-002  7.06663486342610364E-002   0.0000000000000000     
  0.15381883125618886       0.69369215118689775       4.98946707711057993E-002  7.10295247867907126E-002   0.0000000000000000     
  0.15486901069071107       0.69442502006602225       5.03219899811567783E-002  7.13897926659956966E-002   0.0000000000000000     
  0.15592629733259714       0.69516122226011601       5.07472224886375903E-002  7.17471630368166496E-002   0.0000000000000000     
  0.15699068968810634       0.69590079682769468       5.11703340503481055E-002  7.21016286079075863E-002   0.0000000000000000     
  0.15806218632152427       0.69664378451131292       5.15913013567168011E-002  7.24531965730656619E-002   0.0000000000000000     
  0.15914078585641112       0.69739022581824694       5.20100954645446381E-002  7.28018651998178917E-002   0.0000000000000000     
  0.16022648697685241       0.69814016141220236       5.24266951846730361E-002  7.31476426736594881E-002   0.0000000000000000     
  0.16131928842871598       0.69889363017098316       5.28410767935848097E-002  7.34905326484798921E-002   0.0000000000000000     
  0.16241918902091212       0.69965067053308827       5.32532175734884219E-002  7.38305392464648907E-002   0.0000000000000000     
  0.16352618762665758       0.70041132392236383       5.36630890681556380E-002  7.41676577484871730E-002   0.0000000000000000     
  0.16464028318474561       0.70117563102350289       5.40706773564752774E-002  7.45019026823535990E-002   0.0000000000000000     
  0.16576147470081781       0.70194363009519112       5.44759590727167328E-002  7.48332746063966464E-002   0.0000000000000000     
  0.16688976124864163       0.70271536055468609       5.48789152611544109E-002  7.51617793143480456E-002   0.0000000000000000     
  0.16802514197139148       0.70349086258396321       5.52795243654360322E-002  7.54874182013303974E-002   0.0000000000000000     
  0.16916761608293385       0.70427017508662237       5.56777725971946136E-002  7.58102024633879462E-002   0.0000000000000000     
  0.17031718286911721       0.70505333763250555       5.60736366455792182E-002  7.61301294981037158E-002   0.0000000000000000     
  0.17147384168906452       0.70584039059046111       5.64671045284100073E-002  7.64472113477841497E-002   0.0000000000000000     
  0.17263759197647122       0.70663137088243533       5.68581614335810920E-002  7.67614553943376382E-002   0.0000000000000000     
  0.17380843324090600       0.70742631785560239       5.72467863791127768E-002  7.70728599452131374E-002   0.0000000000000000     
  0.17498636506911699       0.70822527063890905       5.76329698282561781E-002  7.73814380247019457E-002   0.0000000000000000     
  0.17617138712633992       0.70902826841503008       5.80166922605466415E-002  7.76871884954681985E-002   0.0000000000000000     
  0.17736349915761213       0.70983535083300631       5.83979458091586148E-002  7.79901251606221757E-002   0.0000000000000000     
  0.17856270098908933       0.71064655342425176       5.87767195081960458E-002  7.82902569308016327E-002   0.0000000000000000     
  0.17976899252936643       0.71146191575188822       5.91529924146569283E-002  7.85875787667483366E-002   0.0000000000000000     
  0.18098237377080278       0.71228147688644061       5.95267625162830272E-002  7.88821101802904823E-002   0.0000000000000000     
  0.18220284479085094       0.71310527383859823       5.98980136948655401E-002  7.91738512679551060E-002   0.0000000000000000     
  0.18343040575338904       0.71393334334804337       6.02667416553510013E-002  7.94628171583232068E-002   0.0000000000000000     
  0.18466505691005719       0.71476572332500610       6.06329280987276467E-002  7.97490038696944542E-002   0.0000000000000000     
  0.18590679860159837       0.71560245327175753       6.09965701549640346E-002  8.00324271763343531E-002   0.0000000000000000     
  0.18715563125920190       0.71644356800493181       6.13576616949835299E-002  8.03130979209127488E-002   0.0000000000000000     
  0.18841155540585258       0.71728910370489374       6.17161898855088722E-002  8.05910175894200831E-002   0.0000000000000000     
  0.18967457165768081       0.71813909961417222       6.20721463670578025E-002  8.08661929968601811E-002   0.0000000000000000     
  0.19094468072532028       0.71899359187544698       6.24255307667727216E-002  8.11386408028401257E-002   0.0000000000000000     
  0.19222188341526608       0.71985261597208194       6.27763320312843959E-002  8.14083632039663690E-002   0.0000000000000000     
  0.19350618063123867       0.72071620853018747       6.31245472331512514E-002  8.16753724443617657E-002   0.0000000000000000     
  0.19479757337555115       0.72158440480007291       6.34701701490769932E-002  8.19396759690189380E-002   0.0000000000000000     
  0.19609606275048014       0.72245724072571416       6.38131951926265151E-002  8.22012815552314730E-002   0.0000000000000000     
  0.19740164995964096       0.72333475290004556       6.41536172966328533E-002  8.24601971691946850E-002   0.0000000000000000     
  0.19871433630936630       0.72421697639314297       6.44914358384300196E-002  8.27164360096434292E-002   0.0000000000000000     
  0.20003412321008879       0.72510394716709903       6.48266430435744528E-002  8.29700016215377673E-002   0.0000000000000000     
  0.20136101217772778       0.72599569995781832       6.51592429633903875E-002  8.32209122470267681E-002   0.0000000000000000     
  0.20269500483507999       0.72689226798619722       6.54892286481114083E-002  8.34691715889053637E-002   0.0000000000000000     
  0.20403610291321303       0.72779368708361558       6.58165977093237153E-002  8.37147887661928020E-002   0.0000000000000000     
  0.20538430825286488       0.72869999095351479       6.61413518293217650E-002  8.39577776456975067E-002   0.0000000000000000     
  0.20673962280584554       0.72961121346566993       6.64634854995060226E-002  8.41981425380165516E-002   0.0000000000000000     
  0.20810204863644305       0.73052739094753116       6.67829978508368838E-002  8.44358932601821516E-002   0.0000000000000000     
  0.20947158792283424       0.73144855553908328       6.70998958385227440E-002  8.46710491091926393E-002   0.0000000000000000     
  0.21084824295849847       0.73237473957508170       6.74141712221943412E-002  8.49036097881546298E-002   0.0000000000000000     
  0.21223201615363610       0.73330597988766577       6.77258244203002985E-002  8.51335855897400184E-002   0.0000000000000000     
  0.21362291003659101       0.73424230934819079       6.80348637579826498E-002  8.53609963599174515E-002   0.0000000000000000     
  0.21502092725527663       0.73518375691148130       6.83412900320805178E-002  8.55858520882222668E-002   0.0000000000000000     
  0.21642607057860674       0.73613035534934113       6.86450966326184187E-002  8.58081531607066544E-002   0.0000000000000000     
  0.21783834289793011       0.73708214098316083       6.89462855221866511E-002  8.60279103939834977E-002   0.0000000000000000     
  0.21925774722846897       0.73803914521189307       6.92448668393814831E-002  8.62451444540626999E-002   0.0000000000000000     
  0.22068428671076293       0.73900139981987967       6.95408349993423130E-002  8.64598560628979523E-002   0.0000000000000000     
  0.22211796461211528       0.73996893638608219       6.98342008170428769E-002  8.66720660518474212E-002   0.0000000000000000     
  0.22355878432804543       0.74094178563379220       7.01249593609302724E-002  8.68817753651622005E-002   0.0000000000000000     
  0.22500674938374463       0.74191998242621848       7.04131143822561562E-002  8.70889954549095291E-002   0.0000000000000000     
  0.22646186343553604       0.74290355659452789       7.06986777085602675E-002  8.72937474486695231E-002   0.0000000000000000     
  0.22792413027233963       0.74389253759713314       7.09816453979718182E-002  8.74960326821111745E-002   0.0000000000000000     
  0.22939355381714147       0.74488695852453357       7.12620220326146830E-002  8.76958627676903829E-002   0.0000000000000000     
  0.23087013812846743       0.74588685188702064       7.15398125678837621E-002  8.78932495017870907E-002   0.0000000000000000     
  0.23235388740186125       0.74689224515311403       7.18150300572156230E-002  8.80882143452577787E-002   0.0000000000000000     
  0.23384480597136781       0.74790316993592065       7.20876637519066166E-002  8.82807492866794774E-002   0.0000000000000000     
  0.23534289831102001       0.74891965657569870       7.23577356937437771E-002  8.84708862792896455E-002   0.0000000000000000     
  0.23684816903633207       0.74994173421665056       7.26252354079845314E-002  8.86586172060518096E-002   0.0000000000000000     
  0.23836062290579518       0.75096943606295619       7.28901775266982133E-002  8.88439644354303421E-002   0.0000000000000000     
  0.23988026482238067       0.75200278996547620       7.31525685012145849E-002  8.90269400795191124E-002   0.0000000000000000     
  0.24140709983504582       0.75304182306493239       7.34124149731061326E-002  8.92075562514182546E-002   0.0000000000000000     
  0.24294113314024615       0.75408656512437133       7.36697158217750059E-002  8.93858154221413709E-002   0.0000000000000000     
  0.24448237008345167       0.75513704840946450       7.39244785512330749E-002  8.95617303509728263E-002   0.0000000000000000     
  0.24603081616066899       0.75619330430542708       7.41767108477559278E-002  8.97353138009776008E-002   0.0000000000000000     
  0.24758647701996819       0.75725535950838940       7.44264285236481415E-002  8.99065881404995659E-002   0.0000000000000000     
  0.24914935846301506       0.75832324006666096       7.46736311841321165E-002  9.00755559275379786E-002   0.0000000000000000     
  0.25071946644660797       0.75939697468655010       7.49183268919822176E-002  9.02422297666910789E-002   0.0000000000000000     
  0.25229680708422170       0.76047659433549986       7.51605162214538242E-002  9.04066130615623215E-002   0.0000000000000000     
  0.25388138664755466       0.76156212820430813       7.54002160911861063E-002  9.05687287111948125E-002   0.0000000000000000     
  0.25547321156808328       0.76265360462889786       7.56374271070634624E-002  9.07285798066503335E-002   0.0000000000000000     
  0.25707228843862112       0.76375105116355635       7.58721664681982211E-002  9.08861891895707957E-002   0.0000000000000000     
  0.25867862401488395       0.76485449388274773       7.61044350883580828E-002  9.10415599908024481E-002   0.0000000000000000     
  0.26029222521706069       0.76596396175674331       7.63342425498250987E-002  9.11947055793714267E-002   0.0000000000000000     
  0.26191309913138933       0.76707948139308146       7.65615982302240289E-002  9.13456389115747808E-002   0.0000000000000000     
  0.26354125301174081       0.76820108228407780       7.67865038894633700E-002  9.14943637050746744E-002   0.0000000000000000     
  0.26517669428120588       0.76932879198424187       7.70089778524031682E-002  9.16409032802348450E-002   0.0000000000000000     
  0.26681943053369139       0.77046263629866707       7.72290217966911385E-002  9.17852609657884705E-002   0.0000000000000000     
  0.26846946953552026       0.77160264393549660       7.74466461434430570E-002  9.19274503687050604E-002   0.0000000000000000     
  0.27012681922703874       0.77274884108612074       7.76618613693478566E-002  9.20674850132113670E-002   0.0000000000000000     
  0.27179148772422995       0.77390125679300092       7.78746698918564989E-002  9.22053687370754660E-002   0.0000000000000000     
  0.27346348332033465       0.77505991840640365       7.80850907710818470E-002  9.23411249665262585E-002   0.0000000000000000     
  0.27514281448747685       0.77622485205060787       7.82931267242723550E-002  9.24747576396208609E-002   0.0000000000000000     
  0.27682948987829759       0.77739608210772326       7.84987967745342380E-002  9.26062898442246152E-002   0.0000000000000000     
  0.27852351832759581       0.77857363509752797       7.87020956681187406E-002  9.27357158874722726E-002   0.0000000000000000     
  0.28022490885397411       0.77975753938553427       7.89030431084103145E-002  9.28630594143736443E-002   0.0000000000000000     
  0.28193367066149372       0.78094782055419321       7.91016422611511838E-002  9.29883244588126101E-002   0.0000000000000000     
  0.28364981314133569       0.78214450684210524       7.92979048363105787E-002  9.31115250120720384E-002   0.0000000000000000     
  0.28537334587346919       0.78334762443149253       7.94918425492725650E-002  9.32326749533671784E-002   0.0000000000000000     
  0.28710427862832716       0.78455719749449093       7.96834670387548544E-002  9.33517879574691789E-002   0.0000000000000000     
  0.28884262136849009       0.78577325222165850       7.98727820207076472E-002  9.34688683172302665E-002   0.0000000000000000     
  0.29058838425037664       0.78699581657410256       8.00597996772970388E-002  9.35839301560121156E-002   0.0000000000000000     
  0.29234157762594198       0.78822491568279862       8.02445321242195586E-002  9.36969874126088731E-002   0.0000000000000000     
  0.29410221204438514       0.78946057718664731       8.04269835621586326E-002  9.38080446907689908E-002   0.0000000000000000     
  0.29587029825386291       0.79070282654477042       8.06071744587731898E-002  9.39171254871042638E-002   0.0000000000000000     
  0.29764584720321213       0.79195168650915371       8.07851089023821911E-002  9.40242340959265704E-002   0.0000000000000000     
  0.29942887004368141       0.79320718631126863       8.09607914628592967E-002  9.41293753173821357E-002   0.0000000000000000     
  0.30121937813066968       0.79446935220828574       8.11342430752040045E-002  9.42325729043098359E-002   0.0000000000000000     
  0.30301738302547337       0.79573820820698427       8.13054682140768870E-002  9.43338313805626300E-002   0.0000000000000000     
  0.30482289649704430       0.79701378078702922       8.14744796304295305E-002  9.44331648138050095E-002   0.0000000000000000     
  0.30663593052375360       0.79829609347010755       8.16412899676340897E-002  9.45305870611986426E-002   0.0000000000000000     
  0.30845649729516572       0.79958517077980384       8.18059039947472144E-002  9.46261027889056250E-002   0.0000000000000000     
  0.31028460921382245       0.80088104270876836       8.19683270557993865E-002  9.47197172837454526E-002   0.0000000000000000     
  0.31212027889703459       0.80218373649560137       8.21285806697989867E-002  9.48114544606272341E-002   0.0000000000000000     
  0.31396351917868376       0.80349327251493519       8.22866774736468048E-002  9.49013278747865702E-002   0.0000000000000000     
  0.31581434311103379       0.80480967769792178       8.24426144931225402E-002  9.49893330216889792E-002   0.0000000000000000     
  0.31767276396655192       0.80613297981881926       8.25964135626875845E-002  9.50754939520723763E-002   0.0000000000000000     
  0.31953879523973899       0.80746320388015136       8.27480798561721215E-002  9.51598154476778757E-002   0.0000000000000000     
  0.32141245064897062       0.80880037197103649       8.28976345881530519E-002  9.52423206855670668E-002   0.0000000000000000     
  0.32329374413834810       0.81014451167695678       8.30450672327760764E-002  9.53229963083218196E-002   0.0000000000000000     
  0.32518268987955989       0.81149565170462745       8.31904078159188126E-002  9.54018754987746020E-002   0.0000000000000000     
  0.32707930227375287       0.81285381293250369       8.33336614268545411E-002  9.54789627345717651E-002   0.0000000000000000     
  0.32898359595341486       0.81421902240688881       8.34748337681831543E-002  9.55542631683708871E-002   0.0000000000000000     
  0.33089558578426820       0.81559130774860433       8.36139388844584219E-002  9.56277914649210636E-002   0.0000000000000000     
  0.33281528686717404       0.81697069312389969       8.37509905423468176E-002  9.56995619102854189E-002   0.0000000000000000     
  0.33474271454004734       0.81835720416440982       8.38859943679324954E-002  9.57695794386619476E-002   0.0000000000000000     
  0.33667788437978419       0.81975086793808416       8.40189642035144568E-002  9.58378583324355077E-002   0.0000000000000000     
  0.33862081220419965       0.82115170815129157       8.41499138748683512E-002  9.59044128000362955E-002   0.0000000000000000     
  0.34057151407397818       0.82255974914719310       8.42788492888954244E-002  9.59692479793230468E-002   0.0000000000000000     
  0.34253000629463576       0.82397502022982738       8.44057768817584042E-002  9.60323695893504359E-002   0.0000000000000000     
  0.34449630541849374       0.82539754709191082       8.45307185700751584E-002  9.60938009251596642E-002   0.0000000000000000     
  0.34647042824666552       0.82682735219058012       8.46536800568794684E-002  9.61535467859978843E-002   0.0000000000000000     
  0.34845239183105531       0.82826446310575030       8.47746677578821578E-002  9.62116127633529383E-002   0.0000000000000000     
  0.35044221347636978       0.82970890758857430       8.48936960484476533E-002  9.62680134564002921E-002   0.0000000000000000     
  0.35243991074214270       0.83116070981389345       8.50107787444058655E-002  9.63227627835207406E-002   0.0000000000000000     
  0.35444550144477277       0.83261989460578389       8.51259219604917489E-002  9.63758659010061774E-002   0.0000000000000000     
  0.35645900365957361       0.83408649149037051       8.52391325053430682E-002  9.64273287360407627E-002   0.0000000000000000     
  0.35848043572283983       0.83556052567934025       8.53504324736651526E-002  9.64771744788032043E-002   0.0000000000000000     
  0.36050981623392386       0.83704202352181423       8.54598202263794626E-002  9.65253994435133628E-002   0.0000000000000000     
  0.36254716405732879       0.83853101232328853       8.55673182027499868E-002  9.65720271353697202E-002   0.0000000000000000     
  0.36459249832481422       0.84002751526515895       8.56729323885905697E-002  9.66170624368599823E-002   0.0000000000000000     
  0.36664583843751780       0.84153156050285893       8.57766693007946113E-002  9.66605108198885926E-002   0.0000000000000000     
  0.36870720406808949       0.84304317607285939       8.58785437864453133E-002  9.67023871261739887E-002   0.0000000000000000     
  0.37077661516284266       0.84456238568356401       8.59785697088543133E-002  9.67427050527805144E-002   0.0000000000000000     
  0.37285409194391872       0.84608921776377555       8.60767461741873408E-002  9.67814616711879794E-002   0.0000000000000000     
  0.37493965491146797       0.84762370055131087       8.61730956059918035E-002  9.68186802674537578E-002   0.0000000000000000     
  0.37703332484584545       0.84916585804735245       8.62676240204082040E-002  9.68543656470451375E-002   0.0000000000000000     
  0.37913512280982309       0.85071571881910180       8.63603384453277001E-002  9.68885237457275256E-002   0.0000000000000000     
  0.38124507015081749       0.85227331056466438       8.64512535226498041E-002  9.69211690277864413E-002   0.0000000000000000     
  0.38336318850313383       0.85383866093862015       8.65403758094436815E-002  9.69523068686566902E-002   0.0000000000000000     
  0.38548949979022695       0.85541179771378351       8.66277198826535949E-002  9.69819516174248719E-002   0.0000000000000000     
  0.38762402622697845       0.85699274854652951       8.67132927637200845E-002  9.70101091410870836E-002   0.0000000000000000     
  0.38976679032199130       0.85858154103598738       8.67971089344448110E-002  9.70367936420588606E-002   0.0000000000000000     
  0.39191781487990157       0.86017820296468783       8.68791748826959198E-002  9.70620103643869137E-002   0.0000000000000000     
  0.39407712300370806       0.86178276211946936       8.69595053513406713E-002  9.70857737660961867E-002   0.0000000000000000     
  0.39624473809711858       0.86339524592417660       8.70381071997120420E-002  9.71080894828052071E-002   0.0000000000000000     
  0.39842068386691620       0.86501568111744964       8.71149946442030809E-002  9.71289713505128632E-002   0.0000000000000000     
  0.40060498432534153       0.86664409782837393       8.71901672636329894E-002  9.71484168720771618E-002   0.0000000000000000     
  0.40279766379249643       0.86828052501860753       8.72636473791671419E-002  9.71664488934248088E-002   0.0000000000000000     
  0.40499874689876375       0.86992499066442153       8.73354344295563245E-002  9.71830647516983975E-002   0.0000000000000000     
  0.40720825858724852       0.87157752686585988       8.74055430231410191E-002  9.71982786740448468E-002   0.0000000000000000     
  0.40942622411623703       0.87323816138157917       8.74739875460755767E-002  9.72121046181349674E-002   0.0000000000000000     
  0.41165266906167669       0.87490692219185950       8.75407752909106995E-002  9.72245486421833838E-002   0.0000000000000000     
  0.41388761931967571       0.87658383631456960       8.76059204371384403E-002  9.72356244477871751E-002   0.0000000000000000     
  0.41613110110902279       0.87826893359452984       8.76694222762466752E-002  9.72453292029605842E-002   0.0000000000000000     
  0.41838314097372825       0.87996224621622221       8.77312960251899615E-002  9.72536777519450585E-002   0.0000000000000000     
  0.42064376578558471       0.88166380490943752       8.77915489595173099E-002  9.72606761196068426E-002   0.0000000000000000     
  0.42291300274675070       0.88337364054260203       8.78501954263078283E-002  9.72663381610461564E-002   0.0000000000000000     
  0.42519087939235495       0.88509177901339620       8.79072497283503451E-002  9.72706776644037818E-002   0.0000000000000000     
  0.42747742359312274       0.88681825358045885       8.79627044671460745E-002  9.72736844022189934E-002   0.0000000000000000     
  0.42977266355802424       0.88855309616812828       8.80165890706539888E-002  9.72753888879023670E-002   0.0000000000000000     
  0.43207662783694595       0.89029633336515712       8.80689029077139224E-002  9.72757883771307869E-002   0.0000000000000000     
  0.43438934532338463       0.89204799884615005       8.81196537450666950E-002  9.72748894189629648E-002   0.0000000000000000     
  0.43671084525716430       0.89380812420729816       8.81688559851299125E-002  9.72727058844867348E-002   0.0000000000000000     
  0.43904115722717779       0.89557673981997232       8.82165167541472950E-002  9.72692436064636901E-002   0.0000000000000000     
  0.44138031117415044       0.89735387890061269       8.82626435048716323E-002  9.72645087808737679E-002   0.0000000000000000     
  0.44372833739342943       0.89913957329244232       8.83072507121085842E-002  9.72585153402793778E-002   0.0000000000000000     
  0.44608526653779790       0.90093385341459686       8.83503456986406283E-002  9.72512693301869346E-002   0.0000000000000000     
  0.44845112962031242       0.90273675193049041       8.83919356173753223E-002  9.72427766128048099E-002   0.0000000000000000     
  0.45082595801716741       0.90454830367556593       8.84320281195067198E-002  9.72330436023526451E-002   0.0000000000000000     
  0.45320978347058466       0.90636854224847641       8.84706380183262198E-002  9.72220845866659800E-002   0.0000000000000000     
  0.45560263809172818       0.90819749593787025       8.85077790054881186E-002  9.72099126077005105E-002   0.0000000000000000     
  0.45800455436364707       0.91003519931118149       8.85434444330151088E-002  9.71965183692428542E-002   0.0000000000000000     
  0.46041556514424331       0.91188168794511226       8.85776563282379553E-002  9.71819240733650114E-002   0.0000000000000000     
  0.46283570366926818       0.91373699522466767       8.86104147105897244E-002  9.71661277592430483E-002   0.0000000000000000     
  0.46526500355534578       0.91560115761499217       8.86417343922080714E-002  9.71491437002332259E-002   0.0000000000000000     
  0.46770349880302375       0.91747420590912465       8.86716295808135518E-002  9.71309854951149382E-002   0.0000000000000000     
  0.47015122379985386       0.91935617293171235       8.87001003639185659E-002  9.71116512727407122E-002   0.0000000000000000     
  0.47260821332350028       0.92124709661510085       8.87271545476783635E-002  9.70911476298417370E-002   0.0000000000000000     
  0.47507450254487660       0.92314701174834346       8.87528067919405861E-002  9.70694886631404408E-002   0.0000000000000000     
  0.47755012703131411       0.92505595525529827       8.87770576441511833E-002  9.70466730313053888E-002   0.0000000000000000     
  0.48003512274975840       0.92697396238677954       8.87999284790641219E-002  9.70227221693423375E-002   0.0000000000000000     
  0.48252952606999699       0.92890106627255176       8.88214195215923236E-002  9.69976343901675364E-002   0.0000000000000000     
  0.48503337376791844       0.93083730555782696       8.88415386370133842E-002  9.69714163674392227E-002   0.0000000000000000     
  0.48754670302880160       0.93278271572203375       8.88603002477510728E-002  9.69440819329818876E-002   0.0000000000000000     
  0.49006955145063685       0.93473733379906554       8.88777047826331407E-002  9.69156296500480879E-002   0.0000000000000000     
  0.49260195704748094       0.93670119828207865       8.88937669625624732E-002  9.68860736795092159E-002   0.0000000000000000     
  0.49514395825284219       0.93867434486512102       8.89084944103368940E-002  9.68554204399627583E-002   0.0000000000000000     
  0.49769559392310025       0.94065681020204051       8.89218943780823029E-002  9.68236759518222578E-002   0.0000000000000000     
  0.50025690334095929       0.94264863567386648       8.89339679602161454E-002  9.67908395400288307E-002   0.0000000000000000     
  0.50282792621893446       0.94464985982106053       8.89447365820531938E-002  9.67569326650261075E-002   0.0000000000000000     
  0.50540870270287375       0.94666051864745693       8.89542008705047765E-002  9.67219541499623608E-002   0.0000000000000000     
  0.50799927337551420       0.94868065329482920       8.89623687277890235E-002  9.66859107448092836E-002   0.0000000000000000     
  0.51059967926007377       0.95071030169011772       8.89692542178132095E-002  9.66488158981494844E-002   0.0000000000000000     
  0.51320996182387890       0.95274950247778545       8.89748582523321452E-002  9.66106687705493156E-002   0.0000000000000000     
  0.51583016298202922       0.95479829841745056       8.89791890522270423E-002  9.65714764744453336E-002   0.0000000000000000     
  0.51846032510109841       0.95685672889212747       8.89822606654158132E-002  9.65312524481974632E-002   0.0000000000000000     
  0.52110049100287303       0.95892483437119558       8.89840742544479729E-002  9.64899961511625354E-002   0.0000000000000000     
  0.52375070396812906       0.96100265560632636       8.89846443363589562E-002  9.64477215355820927E-002   0.0000000000000000     
  0.52641100774044691       0.96309023326648657       8.89839717861502510E-002  9.64044277666365468E-002   0.0000000000000000     
  0.52908144653006617       0.96518761209391468       8.89820647607955789E-002  9.63601219140386434E-002   0.0000000000000000     
  0.53176206501777901       0.96729483327647536       8.89789376323139453E-002  9.63148177797604338E-002   0.0000000000000000     
  0.53445290835886394       0.96941193890499344       8.89745915231346940E-002  9.62685148232376858E-002   0.0000000000000000     
  0.53715402218706132       0.97153897136359257       8.89690408729159887E-002  9.62212269247337687E-002   0.0000000000000000     
  0.53986545261858798       0.97367597268424144       8.89622867999852601E-002  9.61729535567585475E-002   0.0000000000000000     
  0.54258724625619603       0.97582298820801683       8.89543373502071633E-002  9.61237016956004581E-002   0.0000000000000000     
  0.54531945019327266       0.97798006274980342       8.89452005968328074E-002  9.60734783522489977E-002   0.0000000000000000     
  0.54806211201798283       0.98014724150845323       8.89348845969430007E-002  9.60222905253231424E-002   0.0000000000000000     
  0.55081527981745670       0.98232456614707009       8.89234032357954091E-002  9.59701515086078399E-002   0.0000000000000000     
  0.55357900218202005       0.98451208117905775       8.89107516918354046E-002  9.59170544097574657E-002   0.0000000000000000     
  0.55635332820946937       0.98670983747047092       8.88969384966910442E-002  9.58630067639410222E-002   0.0000000000000000     
  0.55913830750939475       0.98891787796236119       8.88819839206630158E-002  9.58080287639306999E-002   0.0000000000000000     
  0.56193399020754475       0.99113624926198196       8.88658772205202785E-002  9.57521071695823234E-002   0.0000000000000000     
  0.56474042695024185       0.99336500124207650       8.88486393483991915E-002  9.56952629162362151E-002   0.0000000000000000     
  0.56755766890884285       0.99560417601652085       8.88302775798553296E-002  9.56375021974841255E-002   0.0000000000000000     
  0.57038576778424788       0.99785382227146302       8.88107875770038080E-002  9.55788187149737706E-002   0.0000000000000000     
  0.57322477581145836        1.0001139901689557       8.87901840939664955E-002  9.55192267353457553E-002   0.0000000000000000     
  0.57607474576418316        1.0023847286727072       8.87684689621330569E-002  9.54587266223101832E-002   0.0000000000000000     
  0.57893573095949702        1.0046660859946330       8.87456564553554400E-002  9.53973321300615185E-002   0.0000000000000000     
  0.58180778526254662        1.0069581130070446       8.87217424971552676E-002  9.53350372893592563E-002   0.0000000000000000     
  0.58469096309130997        1.0092608595956289       8.86967477585474534E-002  9.52718627379579991E-002   0.0000000000000000     
  0.58758531942140790        1.0115743747476789       8.86706678061488784E-002  9.52078021427893578E-002   0.0000000000000000     
  0.59049090979096697        1.0138987099456465       8.86435171439696051E-002  9.51428695219335291E-002   0.0000000000000000     
  0.59340779030553725        1.0162339145846535       8.86152976639466017E-002  9.50770653562772322E-002   0.0000000000000000     
  0.59633601764306399        1.0185800432861989       8.85860119151413578E-002  9.50103908462879981E-002   0.0000000000000000     
  0.59927564905891273        1.0209371487977510       8.85556744013470259E-002  9.49428600229996755E-002   0.0000000000000000     
  0.60222674239095364        1.0233052826742908       8.85242872539343667E-002  9.48744736521677928E-002   0.0000000000000000     
  0.60518935606469781        1.0256844987305358       8.84918587736933382E-002  9.48052391232414721E-002   0.0000000000000000     
  0.60816354909849502        1.0280748486317586       8.84583970934606917E-002  9.47351636502059280E-002   0.0000000000000000     
  0.61114938110878636        1.0304763885123616       8.84238990242877110E-002  9.46642423309141667E-002   0.0000000000000000     
  0.61414691231541851        1.0328891758006267       8.83883792186468259E-002  9.45924893788976928E-002   0.0000000000000000     
  0.61715620354701473        1.0353132630559558       8.83518458603858026E-002  9.45199120820672811E-002   0.0000000000000000     
  0.62017731624640859        1.0377487044956586       8.83143012722857890E-002  9.44465114647958376E-002   0.0000000000000000     
  0.62321031247613901        1.0401955581640676       8.82757483155772321E-002  9.43722891403483560E-002   0.0000000000000000     
  0.62625525492400491        1.0426538826760823       8.82361957576485861E-002  9.42972530461506919E-002   0.0000000000000000     
  0.62931220690868650        1.0451237345143076       8.81956520732815608E-002  9.42214108104821452E-002   0.0000000000000000     
  0.63238123238542798        1.0476051715097947       8.81541199893504102E-002  9.41447639269974712E-002   0.0000000000000000     
  0.63546239595178489        1.0500982523016220       8.81116081766255693E-002  9.40673202472653847E-002   0.0000000000000000     
  0.63855576285343918        1.0526030362349192       8.80681195420153218E-002  9.39890814750031639E-002   0.0000000000000000     
  0.64166139899007890        1.0551195836149352       8.80236629414010430E-002  9.39100556725275676E-002   0.0000000000000000     
  0.64477937092134641        1.0576479519732160       8.79782468405852364E-002  9.38302504893173683E-002   0.0000000000000000     
  0.64790974587285433        1.0601882023125022       8.79318683289101455E-002  9.37496614494450070E-002   0.0000000000000000     
  0.65105259174227126        1.0627403986667019       8.78845366607554634E-002  9.36682970623610861E-002   0.0000000000000000     
  0.65420797710547729        1.0653046016092635       8.78362605475068864E-002  9.35861652614617956E-002   0.0000000000000000     
  0.65737597122279234        1.0678808756527056       8.77870378703019261E-002  9.35032624479437136E-002   0.0000000000000000     
  0.66055664404527481        1.0704692823963311       8.77368884959052187E-002  9.34196084508321783E-002   0.0000000000000000     
  0.66375006622109389        1.0730698835416055       8.76858040964389879E-002  9.33351930758352377E-002   0.0000000000000000     
  0.66695630910197834        1.0756827467919725       8.76337942318781565E-002  9.32500251893566001E-002   0.0000000000000000     
  0.67017544474973667        1.0783079357006968       8.75808677560138971E-002  9.31641129084967295E-002   0.0000000000000000     
  0.67340754594285790        1.0809455170681306       8.75270228538304607E-002  9.30774530078693346E-002   0.0000000000000000     
  0.67665268618318597        1.0835955577082355       8.74722740027787798E-002  9.29900595993999879E-002   0.0000000000000000     
  0.67991093970267658        1.0862581210482494       8.74166243543171156E-002  9.29019347536170353E-002   0.0000000000000000     
  0.68318238147022803        1.0889332759108961       8.73600723653513156E-002  9.28130755637954635E-002   0.0000000000000000     
  0.68646708719860039        1.0916210929500099       8.73026274964235210E-002  9.27234908264506219E-002   0.0000000000000000     
  0.68976513335140843        1.0943216389546759       8.72442988590275692E-002  9.26331889693303989E-002   0.0000000000000000     
  0.69307659715020387        1.0970349831819217       8.71850848709367077E-002  9.25421670716976147E-002   0.0000000000000000     
  0.69640155658163772        1.0997611969096690       8.71249946969674255E-002  9.24504336328059451E-002   0.0000000000000000     
  0.69974009040471052        1.1025003503191577       8.70640321763006264E-002  9.23579915045780464E-002   0.0000000000000000     
  0.70309227815810671        1.1052525157356998       8.70022015365402579E-002  9.22648439597458930E-002   0.0000000000000000     
  0.70645820016761895        1.1080177640417528       8.69395121525837200E-002  9.21709997363737293E-002   0.0000000000000000     
  0.70983793755365931        1.1107961673587454       8.68759628107338144E-002  9.20764563518659540E-002   0.0000000000000000     
  0.71323157223886224        1.1135878019618124       8.68115579287777744E-002  9.19812173054262716E-002   0.0000000000000000     
  0.71663918695577877        1.1163927425787479       8.67463070696951194E-002  9.18852915540688958E-002   0.0000000000000000     
  0.72006086525466129        1.1192110629775134       8.66802143784595469E-002  9.17886823189065365E-002   0.0000000000000000     
  0.72349669151134521        1.1220428383274086       8.66132845204622276E-002  9.16913933800221348E-002   0.0000000000000000     
  0.72694675093522465        1.1248881443340086       8.65455217177403952E-002  9.15934280556102709E-002   0.0000000000000000     
  0.73041112957732424        1.1277470604731055       8.64769255234017625E-002  9.14947847318043767E-002   0.0000000000000000     
  0.73388991433847006        1.1306196640247552       8.64075106745789689E-002  9.13954778685703434E-002   0.0000000000000000     
  0.73738319297755928        1.1335060332050753       8.63372714826569077E-002  9.12955003221624373E-002   0.0000000000000000     
  0.74089105411993039        1.1364062501456589       8.62662182123000165E-002  9.11948618328995431E-002   0.0000000000000000     
  0.74441358726583595        1.1393203916762935       8.61943603735084440E-002  9.10935713438583150E-002   0.0000000000000000     
  0.74795088279902122        1.1422485378714577       8.61216924687916580E-002  9.09916219432241602E-002   0.0000000000000000     
  0.75150303199540192        1.1451907738544393       8.60482199415070342E-002  9.08890182941972935E-002   0.0000000000000000     
  0.75507012703185583        1.1481471847452613       8.59739482616971029E-002  9.07857650939516009E-002   0.0000000000000000     
  0.75865226099511718        1.1511178511881988       8.58988919663288414E-002  9.06818766171561125E-002   0.0000000000000000     
  0.76224952789078448        1.1541028545496335       8.58230457811463288E-002  9.05773462251038552E-002   0.0000000000000000     
  0.76586202265243630        1.1571022807732028       8.57464150178984252E-002  9.04721784663948259E-002   0.0000000000000000     
  0.76948984115086139        1.1601162202594257       8.56689959016943420E-002  9.03663683104665577E-002   0.0000000000000000     
  0.77313308020340477        1.1631447576008644       8.55908129891047309E-002  9.02599406195805642E-002   0.0000000000000000     
  0.77679183758342674        1.1661879770664307       8.55118518316014958E-002  9.01528791180509215E-002   0.0000000000000000     
  0.78046621202988187        1.1692459732437446       8.54321186122208032E-002  9.00451893033107492E-002   0.0000000000000000     
  0.78415630325701713        1.1723188340581605       8.53516285965137678E-002  8.99368862476837005E-002   0.0000000000000000     
  0.78786221196418926        1.1754066475513627       8.52703773339218984E-002  8.98279642480628027E-002   0.0000000000000000     
  0.79158403984580872        1.1785095066967568       8.51883706352253856E-002  8.97184284243623675E-002   0.0000000000000000     
  0.79532188960140393        1.1816275032751442       8.51056145122858071E-002  8.96082841129380026E-002   0.0000000000000000     
  0.79907586494581462        1.1847607278096524       8.50221146817605883E-002  8.94975363438654248E-002   0.0000000000000000     
  0.80284607061951363        1.1879092744282431       8.49378674179711302E-002  8.93861802151159623E-002   0.0000000000000000     
  0.80663261239905693        1.1910732406890676       8.48528789178284032E-002  8.92742212789971734E-002   0.0000000000000000     
  0.81043559710766611        1.1942527225028881       8.47671556732805254E-002  8.91616654022087257E-002   0.0000000000000000     
  0.81425513262594729        1.1974478144545999       8.46807034255516594E-002  8.90485176657202088E-002   0.0000000000000000     
  0.81809132790274108        1.2006586146506248       8.45935191337771758E-002  8.89347739221944544E-002   0.0000000000000000     
  0.82194429296611526        1.2038852241732121       8.45056096827672965E-002  8.88204404703095418E-002   0.0000000000000000     
  0.82581413893449329        1.2071277424982563       8.44169813088303661E-002  8.87055229304280490E-002   0.0000000000000000     
  0.82970097802792731        1.2103862677229693       8.43276404269822505E-002  8.85900271144274831E-002   0.0000000000000000     
  0.83360492357951277        1.2136609008845187       8.42375842749884390E-002  8.84739491989657845E-002   0.0000000000000000     
  0.83752609004695178        1.2169517453036884       8.41468192954087785E-002  8.83572950389129030E-002   0.0000000000000000     
  0.84146459302426191        1.2202589066325669       8.40553438518903268E-002  8.82400620114116990E-002   0.0000000000000000     
  0.84542054925363663        1.2235824877709536       8.39631735296448162E-002  8.81222655797014448E-002   0.0000000000000000     
  0.84939407663745714        1.2269225942486544       8.38702972290027438E-002  8.80038932011232289E-002   0.0000000000000000     
  0.85338529425046128        1.2302793334718598       8.37767309522855497E-002  8.78849607847407982E-002   0.0000000000000000     
  0.85739432235206614        1.2336528150592108       8.36824641086864052E-002  8.77654563427029133E-002   0.0000000000000000     
  0.86142128239885263        1.2370431458672262       8.35875214930295596E-002  8.76454050105355265E-002   0.0000000000000000     
  0.86546629705720968        1.2404504343071345       8.34918838152039905E-002  8.75247856945561287E-002   0.0000000000000000     
  0.86952949021614501        1.2438747953362745       8.33955673563808730E-002  8.74036146100449218E-002   0.0000000000000000     
  0.87361098700025819        1.2473163402892451       8.32985708663908364E-002  8.72818895960489061E-002   0.0000000000000000     
  0.87771091378288824        1.2507751829464346       8.32009021988137920E-002  8.71596180388829744E-002   0.0000000000000000     
  0.88182939819942663        1.2542514334887316       8.31025681995139209E-002  8.70368062709979129E-002   0.0000000000000000     
  0.88596656916080907        1.2577452075765616       8.30035593422039364E-002  8.69134434839920339E-002   0.0000000000000000     
  0.89012255686718045        1.2612566252689683       8.29038836633735482E-002  8.67895372733203108E-002   0.0000000000000000     
  0.89429749282174231        1.2647858071469620       8.28035410648726294E-002  8.66650867216697124E-002   0.0000000000000000     
  0.89849150984477766        1.2683328703582681       8.27025479862948665E-002  8.65401082256685439E-002   0.0000000000000000     
  0.90270474208786544        1.2718979333176679       8.26008951392260826E-002  8.64145912594465743E-002   0.0000000000000000     
  0.90693732504827806        1.2754811201751066       8.24985908703379928E-002  8.62885437595747457E-002   0.0000000000000000     
  0.91118939558357148        1.2790825502655818       8.23956429869270035E-002  8.61619730994073046E-002   0.0000000000000000     
  0.91546109192636715        1.2827023475622183       8.22920433071145790E-002  8.60348699372091297E-002   0.0000000000000000     
  0.91975255369933073        1.2863406395942252       8.21878007831619434E-002  8.59072428566106383E-002   0.0000000000000000     
  0.92406392193034947        1.2899975533799766       8.20829155143387862E-002  8.57790911897543112E-002   0.0000000000000000     
  0.92839533906791005        1.2936732163315987       8.19773959622728809E-002  8.56504230139294026E-002   0.0000000000000000     
  0.93274694899668342        1.2973677550996272       8.18712425238121433E-002  8.55212379826488789E-002   0.0000000000000000     
  0.93711889705331597        1.3010813048502277       8.17644486126384851E-002  8.53915284642024763E-002   0.0000000000000000     
  0.94151133004243337        1.3048139953727655       8.16570388591311980E-002  8.52613194352550841E-002   0.0000000000000000     
  0.94592439625285707        1.3085659560720095       8.15489976205682199E-002  8.51305938167874060E-002   0.0000000000000000     
  0.95035824547403935        1.3123373236516607       8.14403343534671198E-002  8.49993607474740509E-002   0.0000000000000000     
  0.95481302901272047        1.3161282369334018       8.13310428676278369E-002  8.48676130383906741E-002   0.0000000000000000     
  0.95928889970980669        1.3199388342146376       8.12211404732407910E-002  8.47353680308511187E-002   0.0000000000000000     
  0.96378601195748070        1.3237692488013058       8.11106278172311346E-002  8.46026256781786945E-002   0.0000000000000000     
  0.96830452171653925        1.3276196215386304       8.09994990577890955E-002  8.44693791740315086E-002   0.0000000000000000     
  0.97284458653396777        1.3314900944636092       8.08877639302320178E-002  8.43356379656565874E-002   0.0000000000000000     
  0.97740636556075278        1.3353808113694139       8.07754167827842429E-002  8.42013954597187614E-002   0.0000000000000000     
  0.98199001956993692        1.3392919184205343       8.06624676866114498E-002  8.40666614615003388E-002   0.0000000000000000     
  0.98659571097491849        1.3432235599872016       8.05489184710826978E-002  8.39314371871795750E-002   0.0000000000000000     
  0.99122360384800301        1.3471758830110714       8.04347716232519105E-002  8.37957245437932763E-002   0.0000000000000000     
  0.99587386393920418        1.3511490359025475       8.03200297910043326E-002  8.36595256109795016E-002   0.0000000000000000     
   1.0005466586953078        1.3551431681183468       8.02046953301870369E-002  8.35228421691503742E-002   0.0000000000000000     
   1.0052421572791921        1.3591584346285004       8.00887641053156102E-002  8.33856692452470821E-002   0.0000000000000000     
   1.0099605305894168        1.3631949873048257       7.99722535554140551E-002  8.32480243347689247E-002   0.0000000000000000     
   1.0147019512800801        1.3672529789722336       7.98551517615081891E-002  8.31098943713065030E-002   0.0000000000000000     
   1.0194665937809508        1.3713325712680393       7.97374629023851200E-002  8.29712830555846131E-002   0.0000000000000000     
   1.0242546343178776        1.3754339222484244       7.96191976419482056E-002  8.28322008385065367E-002   0.0000000000000000     
   1.0290662509334811        1.3795571871057364       7.95003587992011151E-002  8.26926500091981903E-002   0.0000000000000000     
   1.0339016235081329        1.3837025293427312       7.93809358570057577E-002  8.25526189922064779E-002   0.0000000000000000     
   1.0387609337812276        1.3878701159024209       7.92609404057888489E-002  8.24121192135104375E-002   0.0000000000000000     
   1.0436443653727485        1.3920601100166683       7.91403762461021093E-002  8.22711539983654178E-002   0.0000000000000000     
   1.0485521038051344        1.3962726752233658       7.90192471481910436E-002  8.21297266439994372E-002   0.0000000000000000     
   1.0534843365254549        1.4005079821398279       7.88975434881575843E-002  8.19878265323300964E-002   0.0000000000000000     
   1.0584412529278930        1.4047662043187004       7.87752773768384956E-002  8.18454656409317721E-002   0.0000000000000000     
   1.0634230443765429        1.4090475110146834       7.86524529278114781E-002  8.17026476368398757E-002   0.0000000000000000     
   1.0684299042285310        1.4133520753755129       7.85290680095673821E-002  8.15593697040737087E-002   0.0000000000000000     
   1.0734620278574605        1.4176800729574035       7.84051275036662249E-002  8.14156363168099528E-002   0.0000000000000000     
   1.0785196126771859        1.4220316815976473       7.82806294344558368E-002  8.12714448323984817E-002   0.0000000000000000     
   1.0836028581659252        1.4264070812373479       7.81555793072448712E-002  8.11268003811023986E-002   0.0000000000000000     
   1.0887119658907138        1.4308064537151168       7.80299759564061918E-002  8.09817011717188506E-002   0.0000000000000000     
   1.0938471395322025        1.4352299832305013       7.79038250862486154E-002  8.08361525483787952E-002   0.0000000000000000     
   1.0990085849098106        1.4396778523035982       7.77771318201738032E-002  8.06901592541484775E-002   0.0000000000000000     
   1.1041965100072375        1.4441502491352873       7.76498889821339300E-002  8.05437132762904795E-002   0.0000000000000000     
   1.1094111249983363        1.4486473629247609       7.75221091394445033E-002  8.03968270886653708E-002   0.0000000000000000     
   1.1146526422733567        1.4531693838770026       7.73937852397274667E-002  8.02494928179332129E-002   0.0000000000000000     
   1.1199212764655688        1.4577165067680939       7.72649240099937962E-002  8.01017168869132684E-002   0.0000000000000000     
   1.1252172444782631        1.4622889270632979       7.71355254356510256E-002  7.99534987312112561E-002   0.0000000000000000     
   1.1305407655121411        1.4668868415344911       7.70055959777487947E-002  7.98048445030425935E-002   0.0000000000000000     
   1.1358920610931011        1.4715104473300713       7.68751357921671624E-002  7.96557538222194689E-002   0.0000000000000000     
   1.1412713551004250        1.4761599489520634       7.67441394607481231E-002  7.95062205392584043E-002   0.0000000000000000     
   1.1466788737953715        1.4808355509458351       7.66126208309751422E-002  7.93562584695415435E-002   0.0000000000000000     
   1.1521148458501842        1.4855374542074018       7.64805799927245344E-002  7.92058671760638155E-002   0.0000000000000000     
   1.1575795023775228        1.4902658703167042       7.63480061008261629E-002  7.90550349043223077E-002   0.0000000000000000     
   1.1630730769603190        1.4950210097809913       7.62149194049672740E-002  7.89037821046232324E-002   0.0000000000000000     
   1.1685958056820702        1.4998030822101143       7.60813085972924380E-002  7.87520965528557687E-002   0.0000000000000000     
   1.1741479271575750        1.5046123070690338       7.59471762702524783E-002  7.85999804238540767E-002   0.0000000000000000     
   1.1797296825641184        1.5094488989557304       7.58125362722172763E-002  7.84474475428608709E-002   0.0000000000000000     
   1.1853413156731141        1.5143130750171860       7.56773782674883405E-002  7.82944867101568187E-002   0.0000000000000000     
   1.1909830728822126        1.5192050608502636       7.55417052943689327E-002  7.81411005724046565E-002   0.0000000000000000     
   1.1966552032478812        1.5241250797531003       7.54055258130784667E-002  7.79872973866843344E-002   0.0000000000000000     
   1.2023579585184643        1.5290733566584347       7.52688363515418984E-002  7.78330730704032830E-002   0.0000000000000000     
   1.2080915931677330        1.5340501245710623       7.51316345621449583E-002  7.76784247108001785E-002   0.0000000000000000     
   1.2138563644289326        1.5390556139876672       7.49939356131296420E-002  7.75233675081644785E-002   0.0000000000000000     
   1.2196525323293330        1.5440900567282472       7.48557305936781020E-002  7.73678917701692004E-002   0.0000000000000000     
   1.2254803597252961        1.5491536919768163       7.47170236488827466E-002  7.72120013071168343E-002   0.0000000000000000     
   1.2313401123378622        1.5542467589602027       7.45778186272130911E-002  7.70556996247453024E-002   0.0000000000000000     
   1.2372320587888701        1.5593694973458245       7.44381191120279812E-002  7.68989899570078073E-002   0.0000000000000000     
   1.2431564706376188        1.5645221530446463       7.42979182886152750E-002  7.67418647999970616E-002   0.0000000000000000     
   1.2491136224180743        1.5697049740544253       7.41572266138994241E-002  7.65843344957971017E-002   0.0000000000000000     
   1.2551037916766403        1.5749182110447160       7.40160373614717343E-002  7.64263916412202815E-002   0.0000000000000000     
   1.2611272590104965        1.5801621177769727       7.38743613005378302E-002  7.62680469044734743E-002   0.0000000000000000     
   1.2671843081065106        1.5854369472945693       7.37321976929975614E-002  7.61092990728837598E-002   0.0000000000000000     
   1.2732752257807471        1.5907429579504719       7.35895461484672719E-002  7.59501472975399050E-002   0.0000000000000000     
   1.2794003020185660        1.5960804124459465       7.34464070153996451E-002  7.57905914965617267E-002   0.0000000000000000     
   1.2855598300153359        1.6014495744458599       7.33027860918004370E-002  7.56306372147702716E-002   0.0000000000000000     
   1.2917541062177651        1.6068507118781035       7.31586785304831344E-002  7.54702790160024645E-002   0.0000000000000000     
   1.2979834303658591        1.6122840970533752       7.30140909957353451E-002  7.53095233447933499E-002   0.0000000000000000     
   1.3042481055355266        1.6177500004033836       7.28690295636372221E-002  7.51483760390314615E-002   0.0000000000000000     
   1.3105484381818286        1.6232486961451857       7.27234897764553329E-002  7.49868320752834772E-002   0.0000000000000000     
   1.3168847381828999        1.6287804672871078       7.25774685693212213E-002  7.48248878730454481E-002   0.0000000000000000     
   1.3232573188845380        1.6343455964296720       7.24309784066987511E-002  7.46625558655873711E-002   0.0000000000000000     
   1.3296664971454837        1.6399443663402973       7.22840155391310524E-002  7.44998317715002550E-002   0.0000000000000000     
   1.3361125933833993        1.6455770683655233       7.21365775511908364E-002  7.43367126904356801E-002   0.0000000000000000     
   1.3425959316215588        1.6512439958418905       7.19886724830378494E-002  7.41732065003645052E-002   0.0000000000000000     
   1.3491168395362594        1.6569454416887410       7.18403028369254126E-002  7.40093153731274239E-002   0.0000000000000000     
   1.3556756485049741        1.6626817036527175       7.16914663916129735E-002  7.38450366175510409E-002   0.0000000000000000     
   1.3622726936552489        1.6684530862439968       7.15421617868591403E-002  7.36803684344117249E-002   0.0000000000000000     
   1.3689083139143676        1.6742598946596807       7.13923977584267483E-002  7.35153194253435338E-002   0.0000000000000000     
   1.3755828520597899        1.6801024381307590       7.12421681013373637E-002  7.33498828077146919E-002   0.0000000000000000     
   1.3822966547703814        1.6859810294429098       7.10914821203078862E-002  7.31840677726044719E-002   0.0000000000000000     
   1.3890500726784487        1.6918959844080366       7.09403342533608955E-002  7.30178682071497137E-002   0.0000000000000000     
   1.3958434604225924        1.6978476248087211       7.07887296027053387E-002  7.28512889803956815E-002   0.0000000000000000     
   1.4026771767013932        1.7038362723696172       7.06366727819542073E-002  7.26843344592324053E-002   0.0000000000000000     
   1.4095515843279482        1.7098622543905120       7.04841593214392964E-002  7.25169996661822192E-002   0.0000000000000000     
   1.4164670502852730        1.7159259029135627       7.03311949799404479E-002  7.23492901519251219E-002   0.0000000000000000     
   1.4234239457825768        1.7220275518302570       7.01777805219080675E-002  7.21812063303940432E-002   0.0000000000000000     
   1.4304226463124403        1.7281675396298912       7.00239170753969298E-002  7.20127489925204700E-002   0.0000000000000000     
   1.4374635317089013        1.7343462084174022       6.98696062316851718E-002  7.18439194083708016E-002   0.0000000000000000     
   1.4445469862064704        1.7405639062140197       6.97148454837142467E-002  7.16747146369828975E-002   0.0000000000000000     
   1.4516733985000922        1.7468209842376754       6.95596417155389946E-002  7.15051413960194338E-002   0.0000000000000000     
   1.4588431618060669        1.7531177971588610       6.94039928760810942E-002  7.13351972188046024E-002   0.0000000000000000     
   1.4660566739239536        1.7594547027494154       6.92479061091263032E-002  7.11648890925894451E-002   0.0000000000000000     
   1.4733143372994746        1.7658320637423537       6.90913752874555698E-002  7.09942103673740776E-002   0.0000000000000000     
   1.4806165590884308        1.7722502502141495       6.89344042531549323E-002  7.08231646423804345E-002   0.0000000000000000     
   1.4879637512216581        1.7787096314408493       6.87770008903427071E-002  7.06517596701164291E-002   0.0000000000000000     
   1.4953563304710340        1.7852105836723953       6.86191558572687987E-002  7.04799855088791699E-002   0.0000000000000000     
   1.5027947185165598        1.7917534893917142       6.84608782090460471E-002  7.03078511185781241E-002   0.0000000000000000     
   1.5102793420145404        1.7983387319707087       6.83021681862643892E-002  7.01353564061252405E-002   0.0000000000000000     
   1.5178106326668717        1.8049667008366828       6.81430261257742059E-002  6.99625013802676193E-002   0.0000000000000000     
   1.5253890272914687        1.8116377906863672       6.79834529480068811E-002  6.97892866517530325E-002   0.0000000000000000     
   1.5330149678938485        1.8183524012350440       6.78234502282418911E-002  6.96157135060470056E-002   0.0000000000000000     
   1.5406889017398915        1.8251109345379104       6.76630233992937674E-002  6.94417871897370642E-002   0.0000000000000000     
   1.5484112814298026        1.8319137995811006       6.75021659463346246E-002  6.92675006893604395E-002   0.0000000000000000     
   1.5561825649732948        1.8387614116030120       6.73408849583774921E-002  6.90928609557541762E-002   0.0000000000000000     
   1.5640032158660224        1.8456541871696004       6.71791828149133352E-002  6.89178701074532746E-002   0.0000000000000000     
   1.5718737031672774        1.8525925490110315       6.70170580056144438E-002  6.87425262746756138E-002   0.0000000000000000     
   1.5797945015789876        1.8595769275541096       6.68545100938527509E-002  6.85668286925574660E-002   0.0000000000000000     
   1.5877660915260268        1.8666077559021499       6.66915467749007451E-002  6.83907849384334104E-002   0.0000000000000000     
   1.5957889592378698        1.8736854721640896       6.65281639965941141E-002  6.82143905431940034E-002   0.0000000000000000     
   1.6038635968316219        1.8808105212708051       6.63643661397341766E-002  6.80376496882993537E-002   0.0000000000000000     
   1.6119905023964347        1.8879833521426919       6.62001538279635565E-002  6.78605627042901949E-002   0.0000000000000000     
   1.6201701800793498        1.8952044195464028       6.60355281629710911E-002  6.76831304141231743E-002   0.0000000000000000     
   1.6284031401725958        1.9024741860586345       6.58704868683053224E-002  6.75053501809358275E-002   0.0000000000000000     
   1.6366898992023537        1.9097931174429366       6.57050396193588626E-002  6.73272316186902114E-002   0.0000000000000000     
   1.6450309800190355        1.9171616848722177       6.55391806599107674E-002  6.71487685283993080E-002   0.0000000000000000     
   1.6534269118890954        1.9245803663979797       6.53729166560770986E-002  6.69699674425437291E-002   0.0000000000000000     
   1.6618782305884081        1.9320496464379526       6.52062430730913911E-002  6.67908234197234496E-002   0.0000000000000000     
   1.6703854784972416        1.9395700135329610       6.50391707359495030E-002  6.66113472545364765E-002   0.0000000000000000     
   1.6789492046968546        1.9471419617296171       6.48716917083725919E-002  6.64315305262362515E-002   0.0000000000000000     
   1.6875699650677596        1.9547659964996142       6.47038071412432969E-002  6.62513741252037935E-002   0.0000000000000000     
   1.6962483223896718        1.9624426260506154       6.45355252504982851E-002  6.60708861769035843E-002   0.0000000000000000     
   1.7049848464431796        1.9701723618475941       6.43668467606758749E-002  6.58900671364745089E-002   0.0000000000000000     
   1.7137801141131863        1.9779557260925262       6.41977663366576357E-002  6.57089112588968433E-002   0.0000000000000000     
   1.7226347094941314        1.9857932463858481       6.40282934771058548E-002  6.55274279853919756E-002   0.0000000000000000     
   1.7315492239970482        1.9936854557665811       6.38584232740905949E-002  6.53456120127659107E-002   0.0000000000000000     
   1.7405242564584857        2.0016328967318406       6.36881589134753456E-002  6.51634663239785278E-002   0.0000000000000000     
   1.7495604132513374        2.0096361167974135       6.35175037451581465E-002  6.49809940706155831E-002   0.0000000000000000     
   1.7586583083975982        2.0176956684986145       6.33464612548806372E-002  6.47981985439388813E-002   0.0000000000000000     
   1.7678185636831134        2.0258121122555064       6.31750285169298958E-002  6.46150764782511405E-002   0.0000000000000000     
   1.7770418087743460        2.0339860197435207       6.30032036195997402E-002  6.44316256486215655E-002   0.0000000000000000     
   1.7863286813371935        2.0422179658229487       6.28309983419694379E-002  6.42478578328716382E-002   0.0000000000000000     
   1.7956798271579171        2.0505085326297903       6.26584043639782790E-002  6.40637642554319764E-002   0.0000000000000000     
   1.8050959002662119        2.0588583129512328       6.24854280487145142E-002  6.38793511577372547E-002   0.0000000000000000     
   1.8145775630604608        2.0672679014939623       6.23120751502129547E-002  6.36946241578186106E-002   0.0000000000000000     
   1.8241254864352243        2.0757379066681776       6.21383328045038083E-002  6.35095698443096796E-002   0.0000000000000000     
   1.8337403499110090        2.0842689418866320       6.19642215743801961E-002  6.33242089746195447E-002   0.0000000000000000     
   1.8434228417663521        2.0928616253918353       6.17897285845916897E-002  6.31385281305560514E-002   0.0000000000000000     
   1.8531736591722892        2.1015165911912872       6.16148561855662247E-002  6.29525294584512285E-002   0.0000000000000000     
   1.8629935083292319        2.1102344772139969       6.14396128518802653E-002  6.27662213620307774E-002   0.0000000000000000     
   1.8728831046063246        2.1190159261110417       6.12640007064612219E-002  6.25796057550884327E-002   0.0000000000000000     
   1.8828431726833141        2.1278615911022802       6.10880161108222491E-002  6.23926786680645204E-002   0.0000000000000000     
   1.8928744466949987        2.1367721385350928       6.09116565837588830E-002  6.22054373170478556E-002   0.0000000000000000     
   1.9029776703783021        2.1457482405873161       6.07349325942640531E-002  6.20178921450895773E-002   0.0000000000000000     
   1.9131535972220253        2.1547905758195043       6.05578423260361084E-002  6.18300410490232322E-002   0.0000000000000000     
   1.9234029906193482        2.1638998320965124       6.03803903998387861E-002  6.16418885000981354E-002   0.0000000000000000     
   1.9337266240231041        2.1730767086724452       6.02025699116630827E-002  6.14534272052054686E-002   0.0000000000000000     
   1.9441252811039356        2.1823219159793728       6.00243872997976852E-002  6.12646634943744620E-002   0.0000000000000000     
   1.9545997559113368        2.1916361686413399       5.98458487696421418E-002  6.10756034589635885E-002   0.0000000000000000     
   1.9651508530376876        2.2010201920254335       5.96669491639768429E-002  6.08862415946322955E-002   0.0000000000000000     
   1.9757793877853207        2.2104747244212684       5.94876902057771897E-002  6.06965794213205415E-002   0.0000000000000000     
   1.9864861863366925        2.2200005135991585       5.93080742739710912E-002  6.05066191292941424E-002   0.0000000000000000     
   1.9972720859277107        2.2295983139819366       5.91281094379232305E-002  6.03163687144198518E-002   0.0000000000000000     

   2.0081379350243234        2.2392688891810248       5.89477927440497582E-002  6.01258249275749140E-002   0.0000000000000000     
   2.0190845935023800        2.2490130171758764       5.87671223956779468E-002  5.99349857027164021E-002   0.0000000000000000     
   2.0301129328308942        2.2588314864430483       5.85861028708354950E-002  5.97438553751284962E-002   0.0000000000000000     
   2.0412238362587392        2.2687250927672822       5.84047388064690559E-002  5.95524384419567135E-002   0.0000000000000000     
   2.0524181990048773        2.2786946455330268       5.82230244500320515E-002  5.93607288075842787E-002   0.0000000000000000     
   2.0636969284521758        2.2887409635399210       5.80409711596947334E-002  5.91687378238940354E-002   0.0000000000000000     
   2.0750609443449064        2.2988648777817544       5.78585691248532930E-002  5.89764552617643781E-002   0.0000000000000000     
   2.0865111789900008        2.3090672312775191       5.76758308790165652E-002  5.87838936714951479E-002   0.0000000000000000     
   2.0980485774621438        2.3193488755413934       5.74927528756751516E-002  5.85910492124475726E-002   0.0000000000000000     
   2.1096740978127815        2.3297106763579341       5.73093382476767416E-002  5.83979248534688411E-002   0.0000000000000000     
   2.1213887112831515        2.3401535095950381       5.71255899946735909E-002  5.82045234280324092E-002   0.0000000000000000     
   2.1331934025213943        2.3506782638644803       5.69415066807781936E-002  5.80108432511611191E-002   0.0000000000000000     
   2.1450891698038554        2.3612858424742633       5.67570883369180046E-002  5.78168841343598625E-002   0.0000000000000000     
   2.1570770252606764        2.3719771604468525       5.65723403021334073E-002  5.76226512974217855E-002   0.0000000000000000     
   2.1691579951057367        2.3827531416487147       5.63872678750785700E-002  5.74281499183575753E-002   0.0000000000000000     
   2.1813331198710881        2.3936147269027863       5.62018624645080483E-002  5.72333710297156309E-002   0.0000000000000000     
   2.1936034546459400        2.4045628701874326       5.60161362860724238E-002  5.70383268558571077E-002   0.0000000000000000     
   2.2059700693203381        2.4155985355369887       5.58300869305139238E-002  5.68430147273231504E-002   0.0000000000000000     
   2.2184340488335912        2.4267227023078268       5.56437175743436652E-002  5.66474376637641011E-002   0.0000000000000000     
   2.2309964934276101        2.4379363637882046       5.54570273148134521E-002  5.64515945326359431E-002   0.0000000000000000     
   2.2436585189052165        2.4492405297868882       5.52700163659549173E-002  5.62554853399980515E-002   0.0000000000000000     
   2.2564212568935771        2.4606362207102674       5.50826947147025001E-002  5.60591200394781677E-002   0.0000000000000000     
   2.2692858551128419        2.4721244730342797       5.48950540353386543E-002  5.58624899466961533E-002   0.0000000000000000     
   2.2822534776501380        2.4837063386946325       5.47071056996060040E-002  5.56656064247658885E-002   0.0000000000000000     
   2.2953253052390132        2.4953828814120329       5.45188475320102992E-002  5.54684670503999208E-002   0.0000000000000000     
   2.3085025355444766        2.5071551843716668       5.43302784691603244E-002  5.52710705340279662E-002   0.0000000000000000     
   2.3217863834537482        2.5190243439898810       5.41414070674891279E-002  5.50734253733822718E-002   0.0000000000000000     
   2.3351780813728520        2.5309914723556091       5.39522289825765111E-002  5.48755269425246217E-002   0.0000000000000000     
   2.3486788795291949        2.5430576992726244       5.37627497037480237E-002  5.46773806197361906E-002   0.0000000000000000     
   2.3622900462802630        2.5552241688244526       5.35729708940098845E-002  5.44789878914586079E-002   0.0000000000000000     
   2.3760128684285755        2.5674920440831199       5.33828908411496730E-002  5.42803468128966321E-002   0.0000000000000000     
   2.3898486515430499        2.5798625040859720       5.31925173014684144E-002  5.40814650680653819E-002   0.0000000000000000     
   2.4037987202869115        2.5923367437920710       5.30018498257288223E-002  5.38823419973978937E-002   0.0000000000000000     
   2.4178644187523299        2.6049159757523261       5.28108927916164234E-002  5.36829818494911765E-002   0.0000000000000000     
   2.4320471108018995        2.6176014312188922       5.26196433022138726E-002  5.34833814785359851E-002   0.0000000000000000     
   2.4463481804171638        2.6303943620688153       5.24281038519174153E-002  5.32835432204702072E-002   0.0000000000000000     
   2.4607690320543218        2.6432960359094735       5.22362814673987541E-002  5.30834740173397740E-002   0.0000000000000000     
   2.4753110910073053        2.6563077384629814       5.20441754549786709E-002  5.28831729649292259E-002   0.0000000000000000     
   2.4899758037783868        2.6694307748934523       5.18517902538173509E-002  5.26826443756682541E-002   0.0000000000000000     
   2.5047646384565092        2.6826664711170136       5.16591230790843514E-002  5.24818852224914825E-002   0.0000000000000000     
   2.5196790851035082        2.6960161733912793       5.14661801775187153E-002  5.22809016552129510E-002   0.0000000000000000     
   2.5347206561484401        2.7094812457228503       5.12729642290979462E-002  5.20796961996024335E-002   0.0000000000000000     
   2.5498908867901759        2.7230630736306560       5.10794750895707111E-002  5.18782685132440496E-002   0.0000000000000000     
   2.5651913354084925        2.7367630653591477       5.08857136900540546E-002  5.16766193470847429E-002   0.0000000000000000     
   2.5806235839838392        2.7505826495414807       5.06916855152975965E-002  5.14747540769008860E-002   0.0000000000000000     
   2.5961892385260237        2.7645232750897168       5.04973929483414422E-002  5.12726749282535060E-002   0.0000000000000000     
   2.6118899295119848        2.7785864124567379       5.03028391107120595E-002  5.10703848767466440E-002   0.0000000000000000     
   2.6277273123329286        2.7927735567467349       5.01080209548084576E-002  5.08678806353079979E-002   0.0000000000000000     
   2.6437030677510105        2.8070862272324892       4.99129439559751198E-002  5.06651675705671184E-002   0.0000000000000000     
   2.6598189023658376        2.8215259631561884       4.97176138542648888E-002  5.04622513169259990E-002   0.0000000000000000     
   2.6760765490909848        2.8360943275071477       4.95220300860773413E-002  5.02591311103115293E-002   0.0000000000000000     
   2.6924777676408285        2.8507929098117546       4.93261936463939080E-002  5.00558077696308043E-002   0.0000000000000000     
   2.7090243450278937        2.8656233234010595       4.91301096988885147E-002  4.98522863445108599E-002   0.0000000000000000     
   2.7257180960710419        2.8805872052965347       4.89337804489557646E-002  4.96485688822910984E-002   0.0000000000000000     
   2.7425608639146946        2.8956862192976303       4.87372060587084183E-002  4.94446553576601555E-002   0.0000000000000000     
   2.7595545205594352        2.9109220571090173       4.85403880667073587E-002  4.92405471426377514E-002   0.0000000000000000     
   2.7767009674042384        2.9262964344579521       4.83433350341690854E-002  4.90362527330694201E-002   0.0000000000000000     
   2.7940021358006137        2.9418110926636913       4.81460464371820315E-002  4.88317714082323884E-002   0.0000000000000000     
   2.8114599876190032        2.9574678030697239       4.79485231073285070E-002  4.86271038233324140E-002   0.0000000000000000     
   2.8290765158276869        2.9732683663110193       4.77507670422690003E-002  4.84222518167973792E-002   0.0000000000000000     
   2.8468537450845712        2.9892146083324205       4.75527873814778970E-002  4.82172244689745011E-002   0.0000000000000000     
   2.8647937323421404        3.0053083854488181       4.73545783143689072E-002  4.80120157003493461E-002   0.0000000000000000     
   2.8828985674659369        3.0215515854596746       4.71561480156717158E-002  4.78066336127334068E-002   0.0000000000000000     
   2.9011703738669041        3.0379461233477025       4.69574990884709179E-002  4.76010806580280665E-002   0.0000000000000000     
   2.9196113091479590        3.0544939462126695       4.67586321865222851E-002  4.73953573123400279E-002   0.0000000000000000     
   2.9382235657651323        3.0711970340504053       4.65595493391157758E-002  4.71894654466787078E-002   0.0000000000000000     
   2.9570093717037080        3.0880573975559611       4.63602565914235307E-002  4.69834110021789819E-002   0.0000000000000000     
   2.9759709911696848        3.1050770796480931       4.61607548030442474E-002  4.67771946640050257E-002   0.0000000000000000     
   2.9951107252970148        3.1222581563638476       4.59610488933441461E-002  4.65708212316126025E-002   0.0000000000000000     
   3.0144309128709925        3.1396027391738164       4.57611365994600380E-002  4.63642882268055570E-002   0.0000000000000000     
   3.0339339310682529        3.1571129745913273       4.55610253179507402E-002  4.61576029590165526E-002   0.0000000000000000     
   3.0536221962137651        3.1747910423957508       4.53607175877717428E-002  4.59507678152659069E-002   0.0000000000000000     
   3.0734981645553328        3.1926391582953171       4.51602171309345296E-002  4.57437863809718390E-002   0.0000000000000000     
   3.0935643330560123        3.2106595758475538       4.49595235371200233E-002  4.55366580558200507E-002   0.0000000000000000     
   3.1138232402049524        3.2288545876622377       4.47586403137922029E-002  4.53293862082859711E-002   0.0000000000000000     
   3.1342774668471298        3.2472265221382925       4.45575746989890775E-002  4.51219779843777397E-002   0.0000000000000000     
   3.1549296370325037        3.2657777460501478       4.43563271142054308E-002  4.49144336262327429E-002   0.0000000000000000     
   3.1757824188851047        3.2845106664014811       4.41549015490411978E-002  4.47067569894328692E-002   0.0000000000000000     
   3.1968385254925664        3.3034277342427156       4.39532935889778015E-002  4.44989434206453163E-002   0.0000000000000000     
   3.2181007158167048        3.3225314402226238       4.37515178966206147E-002  4.42910075812392445E-002   0.0000000000000000     
   3.2395717956256704        3.3418243131069225       4.35495743955446810E-002  4.40829492090003272E-002   0.0000000000000000     
   3.2612546184482811        3.3613089277872392       4.33474644733247011E-002  4.38747695244073935E-002   0.0000000000000000     
   3.2831520865511217        3.3809879037534087       4.31451911455791870E-002  4.36664713960400394E-002   0.0000000000000000     
   3.3052671519390806        3.4008639045180575       4.29427587406036870E-002  4.34580590207484865E-002   0.0000000000000000     
   3.3276028173798959        3.4209396402138514       4.27401678552750616E-002  4.32495328189015787E-002   0.0000000000000000     
   3.3501621374534336        3.4412178671141422       4.25374252805702652E-002  4.30408994789083441E-002   0.0000000000000000     
   3.3729482196263518        3.4617013899891242       4.23345297819423746E-002  4.28321575679156408E-002   0.0000000000000000     
   3.3959642253528637        3.4823930619034127       4.21314908078345707E-002  4.26233164619783805E-002   0.0000000000000000     
   3.4192133712023285        3.5032957836688881       4.19283096905619587E-002  4.24143773246756922E-002   0.0000000000000000     
   3.4426989300143997        3.5244125086390063       4.17249891667563697E-002  4.22053427404394943E-002   0.0000000000000000     
   3.4664242320825593        3.5457462419302335       4.15215335271057959E-002  4.19962168654340606E-002   0.0000000000000000     
   3.4903926663667497        3.5673000398926984       4.13179481293711875E-002  4.17870049344194264E-002   0.0000000000000000     
   3.5146076817359964        3.5890770144177853       4.11142312442486640E-002  4.15777050142692589E-002   0.0000000000000000     
   3.5390727882418691        3.6110803348780203       4.09103874655753971E-002  4.13683215670964666E-002   0.0000000000000000     
   3.5637915584235955        3.6333132229789480       4.07064262969034571E-002  4.11588640186037261E-002   0.0000000000000000     
   3.5887676286458090        3.6557789601807720       4.05023421811155915E-002  4.09493265653766633E-002   0.0000000000000000     
   3.6140047004698017        3.6784808868735936       4.02981479208765828E-002  4.07397219674608194E-002   0.0000000000000000     
   3.6395065420593000        3.7014224021785327       4.00938409705606513E-002  4.05300474663645438E-002   0.0000000000000000     
   3.6652769896217237        3.7246069660471437       3.98894323470317808E-002  4.03203140141223867E-002   0.0000000000000000     
   3.6913199488859392        3.7480381029461234       3.96849149822206190E-002  4.01105142811991888E-002   0.0000000000000000     
   3.7176393966176464        3.7717194014466862       3.94803032682470023E-002  3.99006626296582317E-002   0.0000000000000000     
   3.7442393821733937        3.7956545139859186       3.92755932419200440E-002  3.96907548685139638E-002   0.0000000000000000     
   3.7711240290944303        3.8198471613861491       3.90707942696917193E-002  3.94808002782410586E-002   0.0000000000000000     
   3.7982975367415377        3.8443011321286318       3.88659060080306512E-002  3.92707983260231069E-002   0.0000000000000000     
   3.8257641819720316        3.8690202844696739       3.86609370961940729E-002  3.90607575555433142E-002   0.0000000000000000     
   3.8535283208602165        3.8940085482082458       3.84558866970075505E-002  3.88506769348497330E-002   0.0000000000000000     
   3.8815943904625647        3.9192699265625222       3.82507632187095922E-002  3.86405647725730286E-002   0.0000000000000000     
   3.9099669106289712        3.9448084955835725       3.80455690980288225E-002  3.84304233435904669E-002   0.0000000000000000     
   3.9386504858614013        3.9706284101595575       3.78403052391114922E-002  3.82202533747697526E-002   0.0000000000000000     
   3.9676498072214725        3.9967339037235150       3.76349781010370671E-002  3.80100612036875438E-002   0.0000000000000000     
   3.9969696542883209        4.0231292864764994       3.74295952315573111E-002  3.77998542661179548E-002   0.0000000000000000     
   4.0266148971683489        4.0498189511574330       3.72241558494773098E-002  3.75896315855541938E-002   0.0000000000000000     
   4.0565904985584362        4.0768073762839432       3.70186648305826163E-002  3.73793978984996167E-002   0.0000000000000000     
   4.0869015158641764        4.1040991243073455       3.68131285540878803E-002  3.71691594586585003E-002   0.0000000000000000     
   4.1175531033748927        4.1316988439287750       3.66075518438598174E-002  3.69589209482539746E-002   0.0000000000000000     
   4.1485505144971775        4.1596112734330140       3.64019380971334905E-002  3.67486856085433786E-002   0.0000000000000000     
   4.1798991040486850        4.1878412440924260       3.61962895515624619E-002  3.65384555099125263E-002   0.0000000000000000     
   4.2116043306141426        4.2163936802209427       3.59906135163907126E-002  3.63282378419188257E-002   0.0000000000000000     
   4.2436717589654682        4.2452736010900436       3.57849130642221500E-002  3.61180355165829775E-002   0.0000000000000000     
   4.2761070625479443        4.2744861245529870       3.55791930934683601E-002  3.59078532883649187E-002   0.0000000000000000     
   4.3089160260346375        4.3040364688230301       3.53734575218488806E-002  3.56976949212863062E-002   0.0000000000000000     
   4.3421045479511235        4.3339299543228735       3.51677121832360620E-002  3.54875661124741046E-002   0.0000000000000000     
   4.3756786433727273        4.3641720072058892       3.49619592371421817E-002  3.52774688505196124E-002   0.0000000000000000     
   4.4096444466966593        4.3947681612337712       3.47562058239109517E-002  3.50674101494682228E-002   0.0000000000000000     
   4.4440082144913520        4.4257240599159502       3.45504552925643832E-002  3.48573931969848663E-002   0.0000000000000000     
   4.4787763284254964        4.4570454585255499       3.43447156038940576E-002  3.46474258328436230E-002   0.0000000000000000     
   4.5139552982793685        4.4887382287804840       3.41389861433710751E-002  3.44375072449203540E-002   0.0000000000000000     
   4.5495517650410200        4.5208083620571040       3.39332741802655866E-002  3.42276445740787860E-002   0.0000000000000000     
   4.5855725040901483        4.5532619701359467       3.37275835234856908E-002  3.40178414696490974E-002   0.0000000000000000     
   4.6220244284725061        4.5861052877144894       3.35219226088845357E-002  3.38081062469779078E-002   0.0000000000000000     
   4.6589145922676600        4.6193446771981757       3.33162918630418928E-002  3.35984391426136994E-002   0.0000000000000000     
   4.6962501940534027        4.6529866320571402       3.31106991023095987E-002  3.33888478454570925E-002   0.0000000000000000     
   4.7340385804697513        4.6870377788629849       3.29051469971978622E-002  3.31793348541745206E-002   0.0000000000000000     
   4.7722872498859843        4.7215048812067986       3.26996428579899648E-002  3.29699073454434097E-002   0.0000000000000000     
   4.8110038561740591        4.7563948419091924       3.24941913309109640E-002  3.27605698086817013E-002   0.0000000000000000     
   4.8501962125919471        4.7917147079445375       3.22887971036334223E-002  3.25513267744551027E-002   0.0000000000000000     
   4.8898722957806440        4.8274716736833900       3.20834649195610930E-002  3.23421828288655011E-002   0.0000000000000000     
   4.9300402498785418        4.8636730859298565       3.18781976116422755E-002  3.21331406316248611E-002   0.0000000000000000     
   4.9707083907572800        4.9003264453260202       3.16730047042269661E-002  3.19242095867717166E-002   0.0000000000000000     
   5.0118852103829754        4.9374394104657950       3.14678891550765130E-002  3.17153924781957003E-002   0.0000000000000000     
   5.0535793813073546        4.9750198028065640       3.12628585766331693E-002  3.15066967806015008E-002   0.0000000000000000     
   5.0957997612929979        5.0130756112736865       3.10579145722123078E-002  3.12981239117020721E-002   0.0000000000000000     
   5.1385553980774308        5.0516149973505069       3.08530637164818600E-002  3.10896802988768033E-002   0.0000000000000000     
   5.1818555342807704        5.0906462966864341       3.06483127310391984E-002  3.08813725164460116E-002   0.0000000000000000     
   5.2257096124619560        5.1301780258541774       3.04436648266436100E-002  3.06732036002864555E-002   0.0000000000000000     
   5.2701272803286683        5.1702188862187715       3.02391279699360770E-002  3.04651813774869072E-002   0.0000000000000000     
   5.3151183961063442        5.2107777692046984       3.00347049087201674E-002  3.02573084161794452E-002   0.0000000000000000     
   5.3606930340718542        5.2518637606132188       2.98304047940070177E-002  3.00495937346569701E-002   0.0000000000000000     
   5.4068614902575680        5.2934861458954678       2.96262300373203585E-002  2.98420395609095036E-002   0.0000000000000000     
   5.4536342883319824        5.3356544166334450       2.94221877770130397E-002  2.96346528838866419E-002   0.0000000000000000     
   5.5010221856630421        5.3783782747636595       2.92182823181111676E-002  2.94274378377352396E-002   0.0000000000000000     
   5.5490361795707628        5.4216676394480610       2.90145192488759432E-002  2.92203998484694451E-002   0.0000000000000000     
   5.5976875137757798        5.4655326507314133       2.88109067481785198E-002  2.90135469501444608E-002   0.0000000000000000     
   5.6469876850512266        5.5099836775869830       2.86074472255825711E-002  2.88068813658620311E-002   0.0000000000000000     
   5.6969484500847916        5.5550313226590351       2.84041511309948806E-002  2.86004134146367814E-002   0.0000000000000000     
   5.7475818325590966        5.6006864288499454       2.82010199993046884E-002  2.83941444374490662E-002   0.0000000000000000     
   5.7989001304579766        5.6469600892416931       2.79980589028545022E-002  2.81880793369791716E-002   0.0000000000000000     
   5.8509159236071113        5.6938636485860084       2.77952787396513988E-002  2.79822288801272155E-002   0.0000000000000000     
   5.9036420814577033        5.7414087127459794       2.75926807407131172E-002  2.77765941003347630E-002   0.0000000000000000     
   5.9570917711220135        5.7896071577060857       2.73902727165599470E-002  2.75711826543244484E-002   0.0000000000000000     
   6.0112784656702338        5.8384711332700894       2.71880621646362862E-002  2.73660018824287664E-002   0.0000000000000000     
   6.0662159526984460        5.8880130744141264       2.69860510520180952E-002  2.71610535575711257E-002   0.0000000000000000     
   6.1219183431778159        5.9382457069951862       2.67842504281015741E-002  2.69563485935063532E-002   0.0000000000000000     
   6.1784000805956385        5.9891820575618029       2.65826601458368575E-002  2.67518866342636059E-002   0.0000000000000000     
   6.2356759503992318        6.0408354599109133       2.63812947170594010E-002  2.65476820758750592E-002   0.0000000000000000     
   6.2937610897542653        6.0932195646542429       2.61801523557456325E-002  2.63437329118913800E-002   0.0000000000000000     
   6.3526709976295637        6.1463483509134713       2.59792432850310673E-002  2.61400492204120517E-002   0.0000000000000000     
   6.4124215452208349        6.2002361317407066       2.57785728552648447E-002  2.59366361751196713E-002   0.0000000000000000     
   6.4730289867264794        6.2548975648195126       2.55781498325313994E-002  2.57335023855753617E-002   0.0000000000000000     
   6.5345099704891263        6.3103476639257527       2.53779762399591637E-002  2.55306496764356565E-002   0.0000000000000000     
   6.5968815505171081        6.3666018111509732       2.51780581774936549E-002  2.53280839736479343E-002   0.0000000000000000     
   6.6601611984007976        6.4236757623905438       2.49784074241047663E-002  2.51258169149473874E-002   0.0000000000000000     
   6.7243668156394047        6.4815856602213140       2.47790270304707842E-002  2.49238513567312248E-002   0.0000000000000000     
   6.7895167463942654        6.5403480490769157       2.45799218920320466E-002  2.47221920108039693E-002   0.0000000000000000     
   6.8556297906858470        6.5999798840215833       2.43811006607771372E-002  2.45208473666038360E-002   0.0000000000000000     
   6.9227252180519763        6.6604985416668736       2.41825709967888568E-002  2.43198249147521008E-002   0.0000000000000000     
   6.9908227816859201        6.7219218362956852       2.39843355675191383E-002  2.41191271241375203E-002   0.0000000000000000     
   7.0599427330736955        6.7842680323859090       2.37864034153763386E-002  2.39187628741579436E-002   0.0000000000000000     
   7.1301058371506940        6.8475558551374727       2.35887829257634546E-002  2.37187403822584526E-002   0.0000000000000000     
   7.2013333879991031        6.9118045074430183       2.33914780717031957E-002  2.35190634282720738E-002   0.0000000000000000     
   7.2736472251078963        6.9770336855350443       2.31944951891917515E-002  2.33197381675809175E-002   0.0000000000000000     
   7.3470697502188571        7.0432635917062720       2.29978426790960061E-002  2.31207728307819618E-002   0.0000000000000000     
   7.4216239447828078        7.1105149513352872       2.28015251934634011E-002  2.29221718786880579E-002   0.0000000000000000     
   7.4973333880513406        7.1788090290591233       2.26055516978321651E-002  2.27239441078892872E-002   0.0000000000000000     
   7.5742222758307980        7.2481676440376077       2.24099295551035173E-002  2.25260967028086713E-002   0.0000000000000000     
   7.6523154399262214        7.3186131898917495       2.22146632894421742E-002  2.23286339937066869E-002   0.0000000000000000     
   7.7316383683044636        7.3901686528700488       2.20197601828542866E-002  2.21315630824422509E-002   0.0000000000000000     
   7.8122172260070872        7.4628576288330182       2.18252283050281264E-002  2.19348918616931662E-002   0.0000000000000000     
   7.8940788768449508        7.5367043438129402       2.16310734384999731E-002  2.17386259246409759E-002   0.0000000000000000     
   7.9772509059082974        7.6117336749462465       2.14373026516720654E-002  2.15427721561815069E-002   0.0000000000000000     
   8.0617616429272001        7.6879711701502575       2.12439242759068433E-002  2.13473387095838678E-002   0.0000000000000000     
   8.1476401865196895        7.7654430702058930       2.10509448490346536E-002  2.11523319349648034E-002   0.0000000000000000     
   8.2349164293659509        7.8441763331708865       2.08583695413641565E-002  2.09577568078073706E-002   0.0000000000000000     
   8.3236210843494796        7.9241986568707095       2.06662069637498780E-002  2.07636217600546992E-002   0.0000000000000000     
   8.4137857117079076        8.0055385023116781       2.04744644853699156E-002  2.05699339751890808E-002   0.0000000000000000     
   8.5054427472379803        8.0882251203570696       2.02831486156233760E-002  2.03766997722233216E-002   0.0000000000000000     
   8.5986255316021172        8.1722885780736778       2.00922666622653928E-002  2.01839262716315450E-002   0.0000000000000000     
   8.6933683407858133        8.2577597860599106       1.99018254774455360E-002  1.99916201355429361E-002   0.0000000000000000     
   8.7897064177577402        8.3446705266374739       1.97118329931475836E-002  1.97997891101613227E-002   0.0000000000000000     
   8.8876760053874495        8.4330534845757263       1.95222945274051117E-002  1.96084383154282588E-002   0.0000000000000000     
   8.9873143806775566        8.5229422764704506       1.93332206878150531E-002  1.94175781836829209E-002   0.0000000000000000     
   9.0886598903713729        8.6143714832862752       1.91446159237190008E-002  1.92272129611680415E-002   0.0000000000000000     
   9.1917519879990497        8.7073766854322976       1.89564880035514166E-002  1.90373502273293339E-002   0.0000000000000000     
   9.2966312724291225        8.8019944953013436       1.87688452912632212E-002  1.88479981589572201E-002   0.0000000000000000     
   9.4033395279960441        8.8982625940285924       1.85816946705791679E-002  1.86591634456637068E-002   0.0000000000000000     
   9.5119197662773107        8.9962197705500255       1.83950420899664652E-002  1.84708518374699822E-002   0.0000000000000000     
   9.6224162695985935        9.0959059594668759       1.82088970475288540E-002  1.82830726482074019E-002   0.0000000000000000     
   9.7348746363487777        9.1973622809619968       1.80232670445226104E-002  1.80958331858739468E-002   0.0000000000000000     
   9.8493418281914913        9.3006310865063586       1.78381562731897390E-002  1.79091374357379964E-002   0.0000000000000000     
   9.9658662192644574        9.4057560003649829       1.76535770583529754E-002  1.77229975477168691E-002   0.0000000000000000     
   10.084497647462987        9.5127819665143640       1.74695325502060121E-002  1.75374164600296222E-002   0.0000000000000000     
   10.205287467908773        9.6217552983702141       1.72860324705314573E-002  1.73524037080258452E-002   0.0000000000000000     
   10.328288608711576        9.7327237272751024       1.71030831322087906E-002  1.71679654043256670E-002   0.0000000000000000     
   10.453555629136360        9.8457364555388907       1.69206936129950233E-002  1.69841104365411853E-002   0.0000000000000000     
   10.581144780295658        9.9608442109948854       1.67388703628496699E-002  1.68008450540209908E-002   0.0000000000000000     
   10.711114068492611        10.078099304800940       1.65576212787325455E-002  1.66181769581655106E-002   0.0000000000000000     
   10.843523321348911        10.197555690261499       1.63769540531140886E-002  1.64361136446610594E-002   0.0000000000000000     
   10.978434256856980        10.319269026175403       1.61968749679561354E-002  1.62546611932218657E-002   0.0000000000000000     
   11.115910555506421        10.443296740638250       1.60173939492180492E-002  1.60738293402359102E-002   0.0000000000000000     
   11.256017935641534        10.569698099320254       1.58385167585239316E-002  1.58936236424755718E-002   0.0000000000000000     
   11.398824232216349        10.698534277255479       1.56602518920841358E-002  1.57140524006566980E-002   0.0000000000000000     
   11.544399479123788        10.829868432503089       1.54826060905628848E-002  1.55351221534935618E-002   0.0000000000000000     
   11.692815995284775        10.963765784086908       1.53055876961574553E-002  1.53568410464200635E-002   0.0000000000000000     
   11.844148474696082        11.100293692061436       1.51292053417703062E-002  1.51792175161001540E-002   0.0000000000000000     
   11.998474080644646        11.239521744247233       1.49534643787000415E-002  1.50022567064206618E-002   0.0000000000000000     
   12.155872544312020        11.381521844012832       1.47783753017614317E-002  1.48259689214620214E-002   0.0000000000000000     
   12.316426268002399        11.526368303498170       1.46039433280307739E-002  1.46503591700491050E-002   0.0000000000000000     
   12.480220433245634        11.674137941657380       1.44301780634412350E-002  1.44754368637971531E-002   0.0000000000000000     
   12.647343114038096        11.824910185508081       1.42570860929845111E-002  1.43012083834802364E-002   0.0000000000000000     
   12.817885395504323        11.978767178264800       1.40846752351648855E-002  1.41276813471247487E-002   0.0000000000000000     
   12.991941498276510        12.135793890613257       1.39129536339744411E-002  1.39548636990119001E-002   0.0000000000000000     
   13.169608908909719        12.296078238482629       1.37419289720336277E-002  1.37827629204331156E-002   0.0000000000000000     
   13.350988516669746        12.459711206683359       1.35716089135285330E-002  1.36113864740394497E-002   0.0000000000000000     
   13.536184757051927        12.626786978094513       1.34020015489982672E-002  1.34407422499376178E-002   0.0000000000000000     
   13.725305762411933        12.797403069323257       1.32331146840263293E-002  1.32708378522876369E-002   0.0000000000000000     
   13.918463520114720        12.971660474455227       1.30649544823677206E-002  1.31016792386929662E-002   0.0000000000000000     
   14.115774038633123        13.149663813830280       1.28975306764463633E-002  1.29332759454823983E-002   0.0000000000000000     
   14.317357522055897        13.331521491105939       1.27308501813847806E-002  1.27656346836076424E-002   0.0000000000000000     
   14.523338553495924        13.517345859363575       1.25649214632371966E-002  1.25987637192150944E-002   0.0000000000000000     
   14.733846287920910        13.707253394918267       1.23997514081197295E-002  1.24326697341823663E-002   0.0000000000000000     
   14.949014654963744        13.901364880238113       1.22353484508661275E-002  1.22673609632848127E-002   0.0000000000000000     
   15.168982572307028        14.099805596275875       1.20717196577627989E-002  1.21028442691317219E-002   0.0000000000000000     
   15.393894170277232        14.302705525440988       1.19088729720670094E-002  1.19391273936700244E-002   0.0000000000000000     
   15.623899028326058        14.510199563667490       1.17468174979768521E-002  1.17762192427187922E-002   0.0000000000000000     
   15.859152424123263        14.722427746352441       1.15855589352090761E-002  1.16141253090946833E-002   0.0000000000000000     
   16.099815596036475        14.939535484780986       1.14251067922858073E-002  1.14528549040713527E-002   0.0000000000000000     
   16.346056019825262        15.161673815127156       1.12654676819905573E-002  1.12924144361139511E-002   0.0000000000000000     
   16.598047700437263        15.388999662669395       1.11066495589178874E-002  1.11328116589635203E-002   0.0000000000000000     
   16.855971479854908        15.621676117607050       1.09486619396798653E-002  1.09740558921290563E-002   0.0000000000000000     
   17.120015362010655        15.859872730124550       1.07915092477144647E-002  1.08161513502399130E-002   0.0000000000000000     
   17.390374855859331        16.103765819293145       1.06352019226961837E-002  1.06591082783614698E-002   0.0000000000000000     
   17.667253337778643        16.353538798351231       1.04797471287557415E-002  1.05029336386052285E-002   0.0000000000000000     
   17.950862434550853        16.609382521951506       1.03251521065828127E-002  1.03476344701332462E-002   0.0000000000000000     
   18.241422428272418        16.871495650717645       1.01714247693389104E-002  1.01932184863539662E-002   0.0000000000000000     
   18.539162684639720        17.140085037589671       1.00185723099959750E-002  1.00396926792285270E-002   0.0000000000000000     
   18.844322106163691        17.415366136504158       9.86660290538154093E-003  9.88706502699487552E-003   0.0000000000000000     
   19.157149611988167        17.697563434843268       9.71552437837546606E-003  9.73534315348810811E-003   0.0000000000000000     
   19.477904646109451        17.986910911710652       9.56534494952566289E-003  9.58453508134625258E-003   0.0000000000000000     
   19.806857715935998        18.283652524073158       9.41607138182964584E-003  9.43464737308699793E-003   0.0000000000000000     
   20.144290963276273        18.588042722320168       9.26771082017250822E-003  9.28568697437786097E-003   0.0000000000000000     
   20.490498770004567        18.900346995300897       9.12027219152208510E-003  9.13766261685729220E-003   0.0000000000000000     
   20.845788400833285        19.220842450330725       8.97376219147127431E-003  8.99058079688454075E-003   0.0000000000000000     
   21.210480685813810        19.549818429338714       8.82818865571818705E-003  8.84444915361514220E-003   0.0000000000000000     
   21.584910745395209        19.887577161815543       8.68355975456075457E-003  8.69927566187389881E-003   0.0000000000000000     
   21.969428761102510        20.234434460962017       8.53988150007456252E-003  8.55506613486919226E-003   0.0000000000000000     
   22.364400795143759        20.590720462009237       8.39716343515343674E-003  8.41182992353285697E-003   0.0000000000000000     
   22.770209662529350        20.956780409148582       8.25541092723409975E-003  8.26957219649175797E-003   0.0000000000000000     
   23.187255859583363        21.332975493044998       8.11463333574980773E-003  8.12830212195193164E-003   0.0000000000000000     
   23.615958553052355        21.719683742369387       7.97483685847382925E-003  7.98802570161492517E-003   0.0000000000000000     
   24.056756634377052        22.117300975164198       7.83602990470671189E-003  7.84875115309488676E-003   0.0000000000000000     
   24.510109844074719        22.526241812584086       7.69821900448106316E-003  7.71048481229043292E-003   0.0000000000000000     
   24.976499971616793        22.946940761577586       7.56141171892946943E-003  7.57323404860727519E-003   0.0000000000000000     
   25.456432136647898        23.379853369522646       7.42561604105323146E-003  7.43700666467439486E-003   0.0000000000000000     
   25.950436157910485        23.825457459274325       7.29083870767856419E-003  7.30180920571891785E-003   0.0000000000000000     
   26.459068016804558        24.284254449449705       7.15708700846527397E-003  7.16764877144957391E-003   0.0000000000000000     
   26.982911423135125        24.756770765933915       7.02436857641002173E-003  7.03453280619713902E-003   0.0000000000000000     
   27.522579491280716        25.243559354415289       6.89268941615686984E-003  6.90246712440050619E-003   0.0000000000000000     
   28.078716535774721        25.745201298592086       6.76205916098476540E-003  6.77146117515504530E-003   0.0000000000000000     
   28.651999996124413        26.262307556692740       6.63248264916464336E-003  6.64151960660428267E-003   0.0000000000000000     
   29.243142501602041        26.795520824665175       6.50396774458387918E-003  6.51265009769400223E-003   0.0000000000000000     
   29.852894087771819        27.345517533591007       6.37652208747992080E-003  6.38486010425846733E-003   0.0000000000000000     
   30.482044577622549        27.913009997679975       6.25015268015403826E-003  6.25815644425704171E-003   0.0000000000000000     
   31.131426141431934        28.498748723639320       6.12486572525874212E-003  6.13254513596678090E-003   0.0000000000000000     
   31.801916050860271        29.103524894143206       6.00066884188713706E-003  6.00803361691838473E-003   0.0000000000000000     
   32.494439644296619        29.728173041720954       5.87756905460989302E-003  5.88462873035083128E-003   0.0000000000000000     
   33.209973522186800        30.373573931405168       5.75557252139382615E-003  5.76233645290993076E-003   0.0000000000000000     
   33.949548992950376        31.040657667858124       5.63468730904396163E-003  5.64116467341306202E-003   0.0000000000000000     
   34.714255792205670        31.730407049858758       5.51491917333988852E-003  5.52111896801818578E-003   0.0000000000000000     
   35.505246100356921        32.443861193986571       5.39627557960103282E-003  5.40220662552202881E-003   0.0000000000000000     
   36.323738886214777        33.182119451552261       5.27876300816661464E-003  5.28443394975091491E-003   0.0000000000000000     
   37.171024607243794        33.946345647990704       5.16238828719584302E-003  5.16780759390332231E-003   0.0000000000000000     
   38.048470300296096        34.737772673998407       5.04715787334106269E-003  5.05233384046288765E-003   0.0000000000000000     
   38.957525100352633        35.557707462984673       4.93307822317700512E-003  4.93801897306492005E-003   0.0000000000000000     
   39.899726228890607        36.407536391390657       4.82015653921485064E-003  4.82487002325968951E-003   0.0000000000000000     
   40.876705498123556        37.288731145006039       4.70839872201537536E-003  4.71289272060341005E-003   0.0000000000000000     
   41.890196382523079        38.202855096754853       4.59781163595067866E-003  4.60209376070256585E-003   0.0000000000000000     
   42.942041714884375        39.151570247293186       4.48840157927191466E-003  4.49247927379988529E-003   0.0000000000000000     
   44.034202070783152        40.136644787290457       4.38017451894576540E-003  4.38405505990371869E-003   0.0000000000000000     
   45.168764912691401        41.159961343724660       4.27313766561584520E-003  4.27682816516600142E-003   0.0000000000000000     
   46.347954573462431        42.223525984012340       4.16729644192054358E-003  4.17080384753019777E-003   0.0000000000000000     
   47.574143168385888        43.329478057938033       4.06265702245182415E-003  4.06598811898891115E-003   0.0000000000000000     
   48.849862535866777        44.480100965718599       3.95922646094336219E-003  3.96238787281002602E-003   0.0000000000000000     
   50.177817319038837        45.677833956522690       3.85701002065353543E-003  3.86000821177068893E-003   0.0000000000000000     
   51.560899314633268        46.925285069780656       3.75601398012079951E-003  3.75885525624369355E-003   0.0000000000000000     
   53.002203231364852        48.225245346790409       3.65624446773874347E-003  3.65893497782705324E-003   0.0000000000000000     
   54.505044018326757        49.580704459063448       3.55770733201135484E-003  3.56025306954121153E-003   0.0000000000000000     
   56.072975944735248        50.994867916039382       3.46040840658878857E-003  3.46281521109631420E-003   0.0000000000000000     
   57.709813636283577        52.471176037288970       3.36435351296610714E-003  3.36662707161259527E-003   0.0000000000000000     
   59.419655300805601        54.013324899291455       3.26954834145681567E-003  3.27169419053530792E-003   0.0000000000000000     
   61.206908407588870        55.625289495145005       3.17599854777148071E-003  3.17802207430577114E-003   0.0000000000000000     
   63.076318121106738        57.311349378202621       3.08371003082047630E-003  3.08561647435708162E-003   0.0000000000000000     
   65.032998832058979        59.076117099399447       2.99268813015765404E-003  2.99448258407178803E-003   0.0000000000000000     
   67.082469177412335        60.924569791132349       2.90293856003295218E-003  2.90462597344728337E-003   0.0000000000000000     
   69.230690997728331        62.862084302146371       2.81446640477566075E-003  2.81605158389641470E-003   0.0000000000000000     
   71.484112745934695        64.894476347102440       2.72727719397564345E-003  2.72876480408919004E-003   0.0000000000000000     
   73.849717938475465        67.028044203356956       2.64137646784296139E-003  2.64277103506027362E-003   0.0000000000000000     
   76.335079329506883        69.269617570041476       2.55676888275028569E-003  2.55807479531116808E-003   0.0000000000000000     
   78.948419593982152        71.626612296596676       2.47346039615242838E-003  2.47468190690110874E-003   0.0000000000000000     
   81.698679428929495        74.107091802026815       2.39145540255083448E-003  2.39259662995165668E-003   0.0000000000000000     
   84.595594127690120        76.719836135865918       2.31075939362961405E-003  2.31182432415522618E-003   0.0000000000000000     
   87.649779853699073        79.474419786618981       2.23137691386211768E-003  2.23236940339851652E-003   0.0000000000000000     
   90.872831043732063        82.381299527776932       2.15331342123631581E-003  2.15423719737834309E-003   0.0000000000000000     
   94.277430612236273        85.451913808935856       2.07657322373232039E-003  2.07743188716983437E-003   0.0000000000000000     
   97.877474916151542        88.698795459272660       2.00116129953457639E-003  2.00195832626842230E-003   0.0000000000000000     
   101.68821578362177        92.135699780232883       1.92708213448660880E-003  1.92782087756294658E-003   0.0000000000000000     
   105.72642232241711        95.777750477356022       1.85434057682987673E-003  1.85502426844167539E-003   0.0000000000000000     
   110.01056572002561        99.641606327736284       1.78294106190999744E-003  1.78357281521233793E-003   0.0000000000000000     
   114.56103084618560        103.74565202032100       1.71288796439931839E-003  1.71347077548918494E-003   0.0000000000000000     
   119.40035919439121        108.11021725996724       1.64418566662751799E-003  1.64472241656446862E-003   0.0000000000000000     
   124.55352858112964        112.75782902256717       1.57683853607057715E-003  1.57733199290405494E-003   0.0000000000000000     
   130.04827609911294        117.71350282013985       1.51085081792229781E-003  1.51130363870193799E-003   0.0000000000000000     
   135.91547214140309        123.00508002591418       1.44622645212330787E-003  1.44664118487884208E-003   0.0000000000000000     
   142.18955493920521        128.66361977528334       1.38296963823325461E-003  1.38334872414236322E-003   0.0000000000000000     
   148.90903706670912        134.72385577237100       1.32108435406770195E-003  1.32143012949471721E-003   0.0000000000000000     
   156.11709786408682        141.22473058470095       1.26057444899123003E-003  1.26088914757615795E-003   0.0000000000000000     
   163.86227884748936        148.21002281963865       1.20144380978933754E-003  1.20172956459688716E-003   0.0000000000000000     
   172.19930308696524        155.72908610506278       1.14369615436672690E-003  1.14395499999907983E-003   0.0000000000000000     
   181.19004446679108        163.83772324614424       1.08733503267658695E-003  1.08756890740852692E-003   0.0000000000000000     
   190.90467900049239        172.59922457345110       1.03236416095767820E-003  1.03257490896131450E-003   0.0000000000000000     
   201.42305835532562        182.08560669747882       9.78786894596466719E-004  9.78976268066768761E-004   0.0000000000000000     
   212.83635598658020        192.37909712452679       9.26606827582870463E-004  9.26776489003803411E-004   0.0000000000000000     
   225.24904951666164        203.57392212519272       8.75826996456247281E-004  8.75978520728204826E-004   0.0000000000000000     
   238.78132020609476        215.77847076967265       8.26450933389015875E-004  8.26585810167166334E-004   0.0000000000000000     
   253.57197290759927        229.11792837643981       7.78481575836438458E-004  7.78601211688007477E-004   0.0000000000000000     
   269.78200964677978        243.73749945402389       7.31922038097938842E-004  7.32027758809885806E-004   0.0000000000000000     
   287.59902955149363        259.80637591000198       6.86775330885634467E-004  6.86868383736173030E-004   0.0000000000000000     
   307.24268094671038        277.52265418741445       6.43044317441844463E-004  6.43125873481115162E-004   0.0000000000000000     
   328.97146330292901        297.11946980731307       6.00731828697638904E-004  6.00802985058102685E-004   0.0000000000000000     
   353.09127493935199        318.87270637295023       5.59840562717176058E-004  5.59902344923667787E-004   0.0000000000000000     
   379.96623796612187        343.11075837083234       5.20373093983080297E-004  5.20426458278323649E-004   0.0000000000000000     
   410.03252115770766        370.22699774644502       4.82332026903370891E-004  4.82377862601639186E-004   0.0000000000000000     
   443.81614856774189        400.69583514129448       4.45719768663252805E-004  4.45758900491526218E-004   0.0000000000000000     
   481.95616352865835        435.09361104548714       4.10538722487350551E-004  4.10571912957523257E-004   0.0000000000000000     
   525.23507083122740        474.12605099665217       3.76791077512218071E-004  3.76819029285820918E-004   0.0000000000000000     
   574.61929286801126        518.66475217462812       3.44479085713279376E-004  3.44502443999730431E-004   0.0000000000000000     
   631.31358918265187        569.79626331538122       3.13604774793512864E-004  3.13624129736008209E-004   0.0000000000000000     
   696.83523163058976        628.88898181979653       2.84170156653975855E-004  2.84186045740961277E-004   0.0000000000000000     
   773.11657741849172        697.68566234694936       2.56177136193454040E-004  2.56190046672671097E-004   0.0000000000000000     
   862.64918017426623        778.43338773476933       2.29627542166329859E-004  2.29637913469704971E-004   0.0000000000000000     
   968.68983682476926        874.06939859945066       2.04523062720964700E-004  2.04531288895092240E-004   0.0000000000000000     
   1095.5609690227791        988.49200139709524       1.80865339689743453E-004  1.80871771839042478E-004   0.0000000000000000     
   1249.0981291186222        1126.9641651993122       1.58655895495262149E-004  1.58660844229467234E-004   0.0000000000000000     
   1437.3331362898321        1296.7296286432143       1.37896186815728207E-004  1.37899924706701892E-004   0.0000000000000000     
   1671.5660778900685        1507.9797167237750       1.18587539626167096E-004  1.18590303669490379E-004   0.0000000000000000     
   1968.1013537495605        1775.4190447770313       1.00731214025701169E-004  1.00733208110655092E-004   0.0000000000000000     
   2351.1630665428752        2120.8948513323830       8.43283747186589710E-005  8.43297721031748373E-005   0.0000000000000000     
   2858.0027420645515        2578.0035499041774       6.93800781918279885E-005  6.93810239828276921E-005   0.0000000000000000     
   3548.3075559827216        3200.5758224330257       5.58872958794397052E-005  5.58879095187117100E-005   0.0000000000000000     
   4522.6052784335452        4079.2756744279409       4.38509135803079433E-005  4.38512913348761631E-005   0.0000000000000000     
   5961.0291453205009        5376.5617049119437       3.32717044441943025E-005  3.32719219006046097E-005   0.0000000000000000     
   8212.9219900738135        7407.4992988469912       2.41503577410895059E-005  2.41504723037560255E-005   0.0000000000000000     
   12030.630676966213        10850.615197814426       1.64874642428632543E-005  1.64875176355449419E-005   0.0000000000000000     
   19289.355559028048        17397.115474337177       1.02835139022852533E-005  1.02835346724188234E-005   0.0000000000000000     
   35813.731594595032        32300.123079505356       5.53888893863390583E-006  5.53889496406249872E-006   0.0000000000000000     
   88016.479742371739        79380.748119887139       2.25380968476549703E-006  2.25381068239133126E-006   0.0000000000000000     
   463752.63562235149        418249.74819323514       4.27759659723517168E-007  4.27759695659344017E-007   0.0000000000000000     
