  7.80213090478437538E-002 -6.37547307069034480E-002  8.59507027368297755E-004  2.37517451649591309E-002   0.0000000000000000     
  7.80305702761746045E-002 -6.37372912391728774E-002  8.92654307627141095E-004  2.36218176481334252E-002   0.0000000000000000     
  7.80472318744735577E-002 -6.37122774953009785E-002  9.48586926408790461E-004  2.34150138175116297E-002   0.0000000000000000     
  7.80712974366045698E-002 -6.36887220810248567E-002  1.02256330377045778E-003  2.31626763765864080E-002   0.0000000000000000     
  7.81027672615679097E-002 -6.36734169585409931E-002  1.10995306444429962E-003  2.28912112664299595E-002   0.0000000000000000     
  7.81416412559066964E-002 -6.36669262037524442E-002  1.20694913267826976E-003  2.26184899670260030E-002   0.0000000000000000     
  7.81879192066176204E-002 -6.36659867027520310E-002  1.31069645259908872E-003  2.23549547327161480E-002   0.0000000000000000     
  7.82416008320635098E-002 -6.36674845122765509E-002  1.41915044926249493E-003  2.21059176742707877E-002   0.0000000000000000     
  7.83026857955595179E-002 -6.36696527241149973E-002  1.53087543501824095E-003  2.18735535630224381E-002   0.0000000000000000     
  7.83711737099515998E-002 -6.36716758128246241E-002  1.64486947732523769E-003  2.16582824711134513E-002   0.0000000000000000     
  7.84470641394610646E-002 -6.36731907192962521E-002  1.76043234496807530E-003  2.14596068862590861E-002   0.0000000000000000     
  7.85303566005561837E-002 -6.36740143282630844E-002  1.87707315232534151E-003  2.12766020206843279E-002   0.0000000000000000     
  7.86210505624367617E-002 -6.36740283265570528E-002  1.99444611943918595E-003  2.11081764989083445E-002   0.0000000000000000     
  7.87191454473533808E-002 -6.36731373630353148E-002  2.11230779677524507E-003  2.09532216366890046E-002   0.0000000000000000     
  7.88246406308526076E-002 -6.36712562654401654E-002  2.23048638055177136E-003  2.08106718396355549E-002   0.0000000000000000     
  7.89375354419902253E-002 -6.36683072986000687E-002  2.34886147654600171E-003  2.06795401836200703E-002   0.0000000000000000     
  7.90578291635325725E-002 -6.36642204319925187E-002  2.46734977528057127E-003  2.05589292727265151E-002   0.0000000000000000     
  7.91855210321558006E-002 -6.36589337934985872E-002  2.58589520927309923E-003  2.04480333027877124E-002   0.0000000000000000     
  7.93206102386493778E-002 -6.36523937268294038E-002  2.70446132506254027E-003  2.03461291448050578E-002   0.0000000000000000     
  7.94630959281261567E-002 -6.36445546359444420E-002  2.82302659111455852E-003  2.02525728820643972E-002   0.0000000000000000     
  7.96129772002406727E-002 -6.36353785472413974E-002  2.94157987314993532E-003  2.01667861610401455E-002   0.0000000000000000     
  7.97702531094178630E-002 -6.36248342203968309E-002  3.06011899662573519E-003  2.00882578731262987E-002   0.0000000000000000     
  7.99349226650909461E-002 -6.36128965004350427E-002  3.17864708670076348E-003  2.00165255804214161E-002   0.0000000000000000     
  8.01069848319507366E-002 -6.35995455366570178E-002  3.29717241557351149E-003  1.99511784084195204E-002   0.0000000000000000     
  8.02864385302056033E-002 -6.35847658786990733E-002  3.41570640554497056E-003  1.98918456126196685E-002   0.0000000000000000     
  8.04732826358519893E-002 -6.35685460152310977E-002  3.53426336034900080E-003  1.98381952197679463E-002   0.0000000000000000     
  8.06675159809568110E-002 -6.35508778081953496E-002  3.65285883026451397E-003  1.97899240152317225E-002   0.0000000000000000     
  8.08691373539502240E-002 -6.35317559988659436E-002  3.77151039912617531E-003  1.97467611027309156E-002   0.0000000000000000     
  8.10781454999298656E-002 -6.35111778330637311E-002  3.89023630752208943E-003  1.97084589696946109E-002   0.0000000000000000     
  8.12945391209763807E-002 -6.34891423879407751E-002  4.00905584242293358E-003  1.96747942788774582E-002   0.0000000000000000     
  8.15183168764801597E-002 -6.34656505955305122E-002  4.12798799522655618E-003  1.96455598018341650E-002   0.0000000000000000     
  8.17494773834787219E-002 -6.34407049594207378E-002  4.24705275248470418E-003  1.96205695762665978E-002   0.0000000000000000     
  8.19880192170054922E-002 -6.34143090107047031E-002  4.36627024542026853E-003  1.95996532955135978E-002   0.0000000000000000     
  8.22339409104503732E-002 -6.33864676480987987E-002  4.48565937810330856E-003  1.95826491410077581E-002   0.0000000000000000     
  8.24872409559301717E-002 -6.33571866182527921E-002  4.60524101412438519E-003  1.95694169672510840E-002   0.0000000000000000     
  8.27479178046704872E-002 -6.33264724061066292E-002  4.72503376957135544E-003  1.95598187003296932E-002   0.0000000000000000     
  8.30159698673997026E-002 -6.32943323149071091E-002  4.84505730401269680E-003  1.95537318607933649E-002   0.0000000000000000     
  8.32913955147518981E-002 -6.32607741609335084E-002  4.96533058690963071E-003  1.95510412330150742E-002   0.0000000000000000     
  8.35741930776824210E-002 -6.32258064410287507E-002  5.08587228451461756E-003  1.95516398161958184E-002   0.0000000000000000     
  8.38643608478939068E-002 -6.31894380657491844E-002  5.20670122296313775E-003  1.95554298780367015E-002   0.0000000000000000     
  8.41618970782722353E-002 -6.31516780423024560E-002  5.32783542987137933E-003  1.95623186082659571E-002   0.0000000000000000     
  8.44667999833347144E-002 -6.31125361334773233E-002  5.44929206357831417E-003  1.95722175003199481E-002   0.0000000000000000     
  8.47790677396881992E-002 -6.30720223024180127E-002  5.57108891032015961E-003  1.95850472957127125E-002   0.0000000000000000     
  8.50986984864976342E-002 -6.30301467497645374E-002  5.69324342314960537E-003  1.96007338286072960E-002   0.0000000000000000     
  8.54256903259662109E-002 -6.29869198104818645E-002  5.81577163335128891E-003  1.96192039322380385E-002   0.0000000000000000     
  8.57600413238252535E-002 -6.29423522085112014E-002  5.93868970068434608E-003  1.96403905417784803E-002   0.0000000000000000     
  8.61017495098354152E-002 -6.28964550405371886E-002  6.06201396613569032E-003  1.96642323365775924E-002   0.0000000000000000     
  8.64508128782974644E-002 -6.28492392639695002E-002  6.18575985738442202E-003  1.96906697648051333E-002   0.0000000000000000     
  8.68072293885745749E-002 -6.28007159136893672E-002  6.30994242328212530E-003  1.97196465901200158E-002   0.0000000000000000     
  8.71709969656245670E-002 -6.27508963439353251E-002  6.43457573468641814E-003  1.97511077848391281E-002   0.0000000000000000     
  8.75421135005420431E-002 -6.26997922286895715E-002  6.55967527820654987E-003  1.97850066654821528E-002   0.0000000000000000     
  8.79205768511118896E-002 -6.26474149431271721E-002  6.68525501387375737E-003  1.98212954734583863E-002   0.0000000000000000     
  8.83063848423721043E-002 -6.25937761772989015E-002  6.81132790245097056E-003  1.98599270160837865E-002   0.0000000000000000     
  8.86995352671870047E-002 -6.25388879484141819E-002  6.93790714588552251E-003  1.99008581853730993E-002   0.0000000000000000     
  8.91000258868312606E-002 -6.24827619643411603E-002  7.06500624946482508E-003  1.99440498109796811E-002   0.0000000000000000     
  8.95078544315831698E-002 -6.24254099382504993E-002  7.19263841543182902E-003  1.99894646702388906E-002   0.0000000000000000     
  8.99230186013282584E-002 -6.23668438381877049E-002  7.32081449768462976E-003  2.00370617427682481E-002   0.0000000000000000     
  9.03455160661733592E-002 -6.23070759452401882E-002  7.44954700082369088E-003  2.00868072736958489E-002   0.0000000000000000     
  9.07753444670695298E-002 -6.22461181447720585E-002  7.57884814587375145E-003  2.01386690974861282E-002   0.0000000000000000     
  9.12125014164457404E-002 -6.21839822587246446E-002  7.70872843450052993E-003  2.01926127596412756E-002   0.0000000000000000     
  9.16569844988524285E-002 -6.21206807783269421E-002  7.83919872571782299E-003  2.02486070347002479E-002   0.0000000000000000     
  9.21087912716139351E-002 -6.20562257294874284E-002  7.97027105176307225E-003  2.03066257749166118E-002   0.0000000000000000     
  9.25679192654911970E-002 -6.19906290916736741E-002  8.10195420547859743E-003  2.03666364701715168E-002   0.0000000000000000     
  9.30343659853545418E-002 -6.19239031439073398E-002  8.23425811580730770E-003  2.04286115134920988E-002   0.0000000000000000     
  9.35081289108645602E-002 -6.18560600670863894E-002  8.36719397055714874E-003  2.04925281742242144E-002   0.0000000000000000     
  9.39892054971643298E-002 -6.17871119754019801E-002  8.50077037938170264E-003  2.05583590023491816E-002   0.0000000000000000     
  9.44775931755792997E-002 -6.17170708587744601E-002  8.63499722921481916E-003  2.06260813213093204E-002   0.0000000000000000     
  9.49732893543280693E-002 -6.16459490113765926E-002  8.76988171479533424E-003  2.06956675604053862E-002   0.0000000000000000     
  9.54762914192413270E-002 -6.15737585937755419E-002  8.90543397810526945E-003  2.07670986861057498E-002   0.0000000000000000     
  9.59865967344906423E-002 -6.15005116899794840E-002  9.04166229960655377E-003  2.08403526089916379E-002   0.0000000000000000     
  9.65042026433258482E-002 -6.14262202323272444E-002  9.17857469237936055E-003  2.09154079827508221E-002   0.0000000000000000     
  9.70291064688226790E-002 -6.13508964896763223E-002  9.31617803924751110E-003  2.09922422075825427E-002   0.0000000000000000     
  9.75613055146379027E-002 -6.12745526363254953E-002  9.45448067596828604E-003  2.10708372450040884E-002   0.0000000000000000     
  9.81007970657744865E-002 -6.11972002841545196E-002  9.59348984398194528E-003  2.11511737445501356E-002   0.0000000000000000     
  9.86475783893556446E-002 -6.11188513450243442E-002  9.73321344569942452E-003  2.12332349330923917E-002   0.0000000000000000     
  9.92016467354068926E-002 -6.10395180011446409E-002  9.87365642593654273E-003  2.13169986586704240E-002   0.0000000000000000     
  9.97629993376477620E-002 -6.09592123198107114E-002  1.00148271290538462E-002  2.14024512402392619E-002   0.0000000000000000     
  0.10033163341429206      -6.08779457475127975E-002  1.01567318756806847E-002  2.14895755576389041E-002   0.0000000000000000     
  0.10090754616885587      -6.07957300521283425E-002  1.02993757939589484E-002  2.15783529543880429E-002   0.0000000000000000     
  0.10149073479097570      -6.07125772807134215E-002  1.04427656873209550E-002  2.16687692520105384E-002   0.0000000000000000     
  0.10208119645723321      -6.06284993825419935E-002  1.05869062144564215E-002  2.17608066755621589E-002   0.0000000000000000     
  0.10267892833199024      -6.05435077187829740E-002  1.07318037766197198E-002  2.18544519281586198E-002   0.0000000000000000     
  0.10328392756823086      -6.04576134655238073E-002  1.08774646136682585E-002  2.19496921341706015E-002   0.0000000000000000     
  0.10389619130841238      -6.03708287057923843E-002  1.10238917265964732E-002  2.20465086580373705E-002   0.0000000000000000     
  0.10451571668532411      -6.02831647377558982E-002  1.11710919820331364E-002  2.21448914328174415E-002   0.0000000000000000     
  0.10514250082295447      -6.01946326597036022E-002  1.13190689862926030E-002  2.22448245743350585E-002   0.0000000000000000     
  0.10577654083736658      -6.01052445901945551E-002  1.14678271682610699E-002  2.23462945777330932E-002   0.0000000000000000     
  0.10641783383758104      -6.00150112751215020E-002  1.16173718552068997E-002  2.24492903546507638E-002   0.0000000000000000     
  0.10706637692646734      -5.99239439381546307E-002  1.17677060489085744E-002  2.25537969470085420E-002   0.0000000000000000     
  0.10772216720164247      -5.98320542621364956E-002  1.19188347378665141E-002  2.26598038739994484E-002   0.0000000000000000     
  0.10838520175637836      -5.97393524895934377E-002  1.20707616695802013E-002  2.27672988574586857E-002   0.0000000000000000     
  0.10905547768051563      -5.96458498658401295E-002  1.22234904126745040E-002  2.28762698729314609E-002   0.0000000000000000     
  0.10973299206138599      -5.95515580425597657E-002  1.23770232143748087E-002  2.29867030102215639E-002   0.0000000000000000     
  0.11041774198474236      -5.94564872555035998E-002  1.25313656130712943E-002  2.30985910386579049E-002   0.0000000000000000     
  0.11110972453569533      -5.93606482433133298E-002  1.26865195459819093E-002  2.32119205408935249E-002   0.0000000000000000     
  0.11180893679965857      -5.92640521619189134E-002  1.28424879348481256E-002  2.33266804624250972E-002   0.0000000000000000     
  0.11251537586330036      -5.91667092742873893E-002  1.29992735541067245E-002  2.34428599774329262E-002   0.0000000000000000     
  0.11322903881550264      -5.90686303519696795E-002  1.31568802423781914E-002  2.35604506431672904E-002   0.0000000000000000     
  0.11394992274832849      -5.89698259309843625E-002  1.33153092782346168E-002  2.36794398655728287E-002   0.0000000000000000     
  0.11467802475799489      -5.88703063898666015E-002  1.34745642441068420E-002  2.37998196260635064E-002   0.0000000000000000     
  0.11541334194585406      -5.87700818525774063E-002  1.36346461073582007E-002  2.39215776905011453E-002   0.0000000000000000     
  0.11615587141938065      -5.86691629201238768E-002  1.37955582082853762E-002  2.40447064365717049E-002   0.0000000000000000     
  0.11690561029316703      -5.85675600387967135E-002  1.39573025101814175E-002  2.41691962033266927E-002   0.0000000000000000     
  0.11766255568992473      -5.84652828099382973E-002  1.41198808539460211E-002  2.42950375100912525E-002   0.0000000000000000     
  0.11842670474149260      -5.83623414075293556E-002  1.42832949482407864E-002  2.44222210280260373E-002   0.0000000000000000     
  0.11919805458985235      -5.82587457543065138E-002  1.44475463835029381E-002  2.45507375934520197E-002   0.0000000000000000     
  0.11997660238815004      -5.81545055120576693E-002  1.46126379864227260E-002  2.46805804848622863E-002   0.0000000000000000     
  0.12076234530172443      -5.80496309314282172E-002  1.47785684037032381E-002  2.48117362511269604E-002   0.0000000000000000     
  0.12155528050914252      -5.79441312306159459E-002  1.49453416118827641E-002  2.49442007774415310E-002   0.0000000000000000     
  0.12235540520323999      -5.78380162448627333E-002  1.51129573720074784E-002  2.50779631680035468E-002   0.0000000000000000     
  0.12316271659217005      -5.77312955192235688E-002  1.52814181238214702E-002  2.52130173115194881E-002   0.0000000000000000     
  0.12397721190045659      -5.76239783556516810E-002  1.54507233912634084E-002  2.53493525620253138E-002   0.0000000000000000     
  0.12479888837005589      -5.75160746937022765E-002  1.56208754364030849E-002  2.54869630854758777E-002   0.0000000000000000     
  0.12562774326142151      -5.74075935372584320E-002  1.57918750143569431E-002  2.56258408342627669E-002   0.0000000000000000     
  0.12646377385457858      -5.72985437224468527E-002  1.59637227817548272E-002  2.57659778764354752E-002   0.0000000000000000     
  0.12730697745020172      -5.71889346756232000E-002  1.61364178067080165E-002  2.59073639958577982E-002   0.0000000000000000     
  0.12815735137070061      -5.70787756272740157E-002  1.63099635472841765E-002  2.60499962958394594E-002   0.0000000000000000     
  0.12901489296130972      -5.69680746783910105E-002  1.64843573710222943E-002  2.61938623527729723E-002   0.0000000000000000     
  0.12987959959118606      -5.68568413521104779E-002  1.66596026241965650E-002  2.63389595360138500E-002   0.0000000000000000     
  0.13075146865451115      -5.67450849138046304E-002  1.68356964282975786E-002  2.64852755602587205E-002   0.0000000000000000     
  0.13163049757159886      -5.66328137180243663E-002  1.70126420349909907E-002  2.66328080613300461E-002   0.0000000000000000     
  0.13251668379001030      -5.65200359721860154E-002  1.71904395413877004E-002  2.67815498860237595E-002   0.0000000000000000     
  0.13341002478567268      -5.64067605097899882E-002  1.73690857358715228E-002  2.69314889652997463E-002   0.0000000000000000     
  0.13431051806400462      -5.62929958766802546E-002  1.75485853577241821E-002  2.70826258024257291E-002   0.0000000000000000     
  0.13521816116104690      -5.61787504589645256E-002  1.77289333846718106E-002  2.72349459679142453E-002   0.0000000000000000     
  0.13613295164459854      -5.60640324686393701E-002  1.79101345150138661E-002  2.73884502307479294E-002   0.0000000000000000     
  0.13705488711535821      -5.59488498337117127E-002  1.80921851687342872E-002  2.75431268106123596E-002   0.0000000000000000     
  0.13798396520807157      -5.58332111395036038E-002  1.82750866484111367E-002  2.76989716021365205E-002   0.0000000000000000     
  0.13892018359268274      -5.57171248435508887E-002  1.84588368508710049E-002  2.78559754949325965E-002   0.0000000000000000     
  0.13986353997549206      -5.56005984096325998E-002  1.86434387232153401E-002  2.80141371849678619E-002   0.0000000000000000     
  0.14081403210031909      -5.54836390119938516E-002  1.88288882994790269E-002  2.81734451051525517E-002   0.0000000000000000     
  0.14177165774966946      -5.53662554760562947E-002  1.90151884723599694E-002  2.83338981587821503E-002   0.0000000000000000     
  0.14273641474590823      -5.52484553368859932E-002  1.92023350855326132E-002  2.84954848614479735E-002   0.0000000000000000     
  0.14370830095243753      -5.51302459673400497E-002  1.93903309953198169E-002  2.86582043329215649E-002   0.0000000000000000     
  0.14468731427487910      -5.50116355785979991E-002  1.95791736750169573E-002  2.88220478336920459E-002   0.0000000000000000     
  0.14567345266226286      -5.48926311016133331E-002  1.97688623425572377E-002  2.89870093700573886E-002   0.0000000000000000     
  0.14666671410821791      -5.47732403535443543E-002  1.99593961332767446E-002  2.91530829684342949E-002   0.0000000000000000     
  0.14766709665217162      -5.46534710213418054E-002  2.01507760269429605E-002  2.93202654763950916E-002   0.0000000000000000     
  0.14867459838055055      -5.45333296159577416E-002  2.03430011200612174E-002  2.94885511035919250E-002   0.0000000000000000     
  0.14968921742798791      -5.44128235435321420E-002  2.05360666616988298E-002  2.96579286327563890E-002   0.0000000000000000     
  0.15071095197853482      -5.42919598885082885E-002  2.07299773536421053E-002  2.98284006543300742E-002   0.0000000000000000     
  0.15173980026687678      -5.41707454083364820E-002  2.09247283251068235E-002  2.99999560362760424E-002   0.0000000000000000     
  0.15277576057955450      -5.40491876332741331E-002  2.11203204179278257E-002  3.01725920056978465E-002   0.0000000000000000     
  0.15381883125618886      -5.39272939662336498E-002  2.13167505418732153E-002  3.03463002678965484E-002   0.0000000000000000     
  0.15486901069071107      -5.38050707122210287E-002  2.15140214979191065E-002  3.05210810368058694E-002   0.0000000000000000     
  0.15592629733259714      -5.36825240243894095E-002  2.17121281479454344E-002  3.06969233332068173E-002   0.0000000000000000     
  0.15699068968810634      -5.35596607338822486E-002  2.19110712505963846E-002  3.08738246687516836E-002   0.0000000000000000     
  0.15806218632152427      -5.34364885113350549E-002  2.21108495496526516E-002  3.10517797901970413E-002   0.0000000000000000     
  0.15914078585641112      -5.33130138855675145E-002  2.23114617646497891E-002  3.12307835102556934E-002   0.0000000000000000     
  0.16022648697685241      -5.31892422609514318E-002  2.25129086790917358E-002  3.14108336182968573E-002   0.0000000000000000     
  0.16131928842871598      -5.30651798917613424E-002  2.27151848111841990E-002  3.15919192469078375E-002   0.0000000000000000     
  0.16241918902091212      -5.29408337415862712E-002  2.29182929791429402E-002  3.17740412008639603E-002   0.0000000000000000     
  0.16352618762665758      -5.28162105868560314E-002  2.31222296835013885E-002  3.19571915692326083E-002   0.0000000000000000     
  0.16464028318474561      -5.26913158650006569E-002  2.33269935094155799E-002  3.21413654364411105E-002   0.0000000000000000     
  0.16576147470081781      -5.25661561316443024E-002  2.35325830227913375E-002  3.23265579444262791E-002   0.0000000000000000     
  0.16688976124864163      -5.24407378224758663E-002  2.37389989552418135E-002  3.25127672827819486E-002   0.0000000000000000     
  0.16802514197139148      -5.23150659996456519E-002  2.39462398622601949E-002  3.26999887133986450E-002   0.0000000000000000     
  0.16916761608293385      -5.21891467993360544E-002  2.41543020434970487E-002  3.28882145039616838E-002   0.0000000000000000     
  0.17031718286911721      -5.20629858692131242E-002  2.43631839878229103E-002  3.30774400045143677E-002   0.0000000000000000     
  0.17147384168906452      -5.19365899675502604E-002  2.45728864063265440E-002  3.32676636462633374E-002   0.0000000000000000     
  0.17263759197647122      -5.18099644117929053E-002  2.47834077829271540E-002  3.34588808903211743E-002   0.0000000000000000     
  0.17380843324090600      -5.16831144111105090E-002  2.49947465873389257E-002  3.36510872476667930E-002   0.0000000000000000     
  0.17498636506911699      -5.15560463320211271E-002  2.52068989213780278E-002  3.38442751170395240E-002   0.0000000000000000     
  0.17617138712633992      -5.14287649221950929E-002  2.54198655491125990E-002  3.40384432393140701E-002   0.0000000000000000     
  0.17736349915761213      -5.13012760659153355E-002  2.56336448870638084E-002  3.42335872497679036E-002   0.0000000000000000     
  0.17856270098908933      -5.11735853368888577E-002  2.58482353292168489E-002  3.44297028154152696E-002   0.0000000000000000     
  0.17976899252936643      -5.10456981778485003E-002  2.60636352574164752E-002  3.46267856473224528E-002   0.0000000000000000     
  0.18098237377080278      -5.09176199198412560E-002  2.62798430565615616E-002  3.48248315191234739E-002   0.0000000000000000     
  0.18220284479085094      -5.07893557893199510E-002  2.64968546956238678E-002  3.50238330677694956E-002   0.0000000000000000     
  0.18343040575338904      -5.06609109130518737E-002  2.67146734152778065E-002  3.52237926049226782E-002   0.0000000000000000     
  0.18466505691005719      -5.05322902723381942E-002  2.69332975806099682E-002  3.54247060191831553E-002   0.0000000000000000     
  0.18590679860159837      -5.04034985330062205E-002  2.71527205930583854E-002  3.56265627392239187E-002   0.0000000000000000     
  0.18715563125920190      -5.02745416312763010E-002  2.73729432833671460E-002  3.58293620319040523E-002   0.0000000000000000     
  0.18841155540585258      -5.01454238981050085E-002  2.75939665313212970E-002  3.60331032458914638E-002   0.0000000000000000     
  0.18967457165768081      -5.00161493247204200E-002  2.78157861540630769E-002  3.62377791512556446E-002   0.0000000000000000     
  0.19094468072532028      -4.98867244584599509E-002  2.80384030520065032E-002  3.64433892027543060E-002   0.0000000000000000     
  0.19222188341526608      -4.97571542732615502E-002  2.82618129739365433E-002  3.66499261893514922E-002   0.0000000000000000     
  0.19350618063123867      -4.96274423610481782E-002  2.84860142434805695E-002  3.68573863064446880E-002   0.0000000000000000     
  0.19479757337555115      -4.94975937051654741E-002  2.87110078282901554E-002  3.70657692057293695E-002   0.0000000000000000     
  0.19609606275048014      -4.93676129773057207E-002  2.89367894286256359E-002  3.72750677653224394E-002   0.0000000000000000     
  0.19740164995964096      -4.92375046761254487E-002  2.91633600314052631E-002  3.74852817291116067E-002   0.0000000000000000     
  0.19871433630936630      -4.91072729552716261E-002  2.93907153051887089E-002  3.76964040296745295E-002   0.0000000000000000     
  0.20003412321008879      -4.89769233741737253E-002  2.96188562612566091E-002  3.79084345054349903E-002   0.0000000000000000     
  0.20136101217772778      -4.88464598270524838E-002  2.98477812600704030E-002  3.81213696176362499E-002   0.0000000000000000     
  0.20269500483507999      -4.87158861246174898E-002  3.00774886774257191E-002  3.83352058835373863E-002   0.0000000000000000     
  0.20403610291321303      -4.85852074824686259E-002  3.03079740743401639E-002  3.85499362754997896E-002   0.0000000000000000     
  0.20538430825286488      -4.84544272096620321E-002  3.05392386026847526E-002  3.87655609260836656E-002   0.0000000000000000     
  0.20673962280584554      -4.83235500496631901E-002  3.07712806089291031E-002  3.89820764185948923E-002   0.0000000000000000     
  0.20810204863644305      -4.81925804522668200E-002  3.10040984450971231E-002  3.91994793762555638E-002   0.0000000000000000     
  0.20947158792283424      -4.80615229595875437E-002  3.12376904829674562E-002  3.94177664791934973E-002   0.0000000000000000     
  0.21084824295849847      -4.79303803590396607E-002  3.14720522513435991E-002  3.96369308579554991E-002   0.0000000000000000     
  0.21223201615363610      -4.77991567973678408E-002  3.17071879024398845E-002  3.98569765404469048E-002   0.0000000000000000     
  0.21362291003659101      -4.76678579359642862E-002  3.19430928810757256E-002  4.00778966037994358E-002   0.0000000000000000     
  0.21502092725527663      -4.75364859557649982E-002  3.21797627041635823E-002  4.02996842719796633E-002   0.0000000000000000     
  0.21642607057860674      -4.74050446218108601E-002  3.24172016674539459E-002  4.05223437969585223E-002   0.0000000000000000     
  0.21783834289793011      -4.72735390401398323E-002  3.26554051838387482E-002  4.07458683199182561E-002   0.0000000000000000     
  0.21925774722846897      -4.71419724373938198E-002  3.28943717060077717E-002  4.09702548217885168E-002   0.0000000000000000     
  0.22068428671076293      -4.70103479145157904E-002  3.31340996751068803E-002  4.11955002943313608E-002   0.0000000000000000     
  0.22211796461211528      -4.68786699924780698E-002  3.33745905620241659E-002  4.14216055142307693E-002   0.0000000000000000     
  0.22355878432804543      -4.67469430836537289E-002  3.36158397316959692E-002  4.16485636911142557E-002   0.0000000000000000     
  0.22500674938374463      -4.66151699882530052E-002  3.38578456735102312E-002  4.18763719492062161E-002   0.0000000000000000     
  0.22646186343553604      -4.64833534260931241E-002  3.41006068911724261E-002  4.21050274529241320E-002   0.0000000000000000     
  0.22792413027233963      -4.63514975219677799E-002  3.43441249865027373E-002  4.23345312074636243E-002   0.0000000000000000     
  0.22939355381714147      -4.62196059808226839E-002  3.45883984394315946E-002  4.25648803721896812E-002   0.0000000000000000     
  0.23087013812846743      -4.60876823735269850E-002  3.48334194233009611E-002  4.27960643797805629E-002   0.0000000000000000     
  0.23235388740186125      -4.59557301707859481E-002  3.50791928514468665E-002  4.30280883610994411E-002   0.0000000000000000     
  0.23384480597136781      -4.58237527724983038E-002  3.53257172641912795E-002  4.32609496113641606E-002   0.0000000000000000     
  0.23534289831102001      -4.56917535015424897E-002  3.55729879850949296E-002  4.34946415123377422E-002   0.0000000000000000     
  0.23684816903633207      -4.55597355865232645E-002  3.58210068337494539E-002  4.37291654198149679E-002   0.0000000000000000     
  0.23836062290579518      -4.54277021779893667E-002  3.60697690839193244E-002  4.39645147044969015E-002   0.0000000000000000     
  0.23988026482238067      -4.52956563108915522E-002  3.63192766927691174E-002  4.42006909136067536E-002   0.0000000000000000     
  0.24140709983504582      -4.51636005904492085E-002  3.65695282904113725E-002  4.44376915437232900E-002   0.0000000000000000     
  0.24294113314024615      -4.50315391895745251E-002  3.68205190335664165E-002  4.46755098939719472E-002   0.0000000000000000     
  0.24448237008345167      -4.48994763923114409E-002  3.70722509851406576E-002  4.49141476721227687E-002   0.0000000000000000     
  0.24603081616066899      -4.47674125608586576E-002  3.73247194588078035E-002  4.51535984123634312E-002   0.0000000000000000     
  0.24758647701996819      -4.46353518834498655E-002  3.75779298870004136E-002  4.53938679114453889E-002   0.0000000000000000     
  0.24914935846301506      -4.45032981424864846E-002  3.78318741387728905E-002  4.56349455730598666E-002   0.0000000000000000     
  0.25071946644660797      -4.43712529879061734E-002  3.80865543837052081E-002  4.58768332703346979E-002   0.0000000000000000     
  0.25229680708422170      -4.42392199490674390E-002  3.83419693203708653E-002  4.61195286917896671E-002   0.0000000000000000     
  0.25388138664755466      -4.41072022509325853E-002  3.85981176947303786E-002  4.63630295970125575E-002   0.0000000000000000     
  0.25547321156808328      -4.39752032503024151E-002  3.88549982349662357E-002  4.66073337378127561E-002   0.0000000000000000     
  0.25707228843862112      -4.38432242066179034E-002  3.91126062479734346E-002  4.68524347810800046E-002   0.0000000000000000     
  0.25867862401488395      -4.37112681021372892E-002  3.93709476318090112E-002  4.70983390988260128E-002   0.0000000000000000     
  0.26029222521706069      -4.35793397700045063E-002  3.96300175509511285E-002  4.73450402066325493E-002   0.0000000000000000     
  0.26191309913138933      -4.34474398308401233E-002  3.98898113029175702E-002  4.75925318143205142E-002   0.0000000000000000     
  0.26354125301174081      -4.33155709953337506E-002  4.01503349797676795E-002  4.78408205276230486E-002   0.0000000000000000     
  0.26517669428120588      -4.31837378982202480E-002  4.04115837194313487E-002  4.80898998832504712E-002   0.0000000000000000     
  0.26681943053369139      -4.30519408061173364E-002  4.06735565471171498E-002  4.83397680720572265E-002   0.0000000000000000     
  0.26846946953552026      -4.29201817721081291E-002  4.09362523445104820E-002  4.85904231244670623E-002   0.0000000000000000     
  0.27012681922703874      -4.27884667072468555E-002  4.11996699548850820E-002  4.88418630359759090E-002   0.0000000000000000     
  0.27179148772422995      -4.26567973738103609E-002  4.14638083461084522E-002  4.90940859602430890E-002   0.0000000000000000     
  0.27346348332033465      -4.25251736207762979E-002  4.17286703142135743E-002  4.93470945877263062E-002   0.0000000000000000     
  0.27514281448747685      -4.23935993282439916E-002  4.19942472376284362E-002  4.96008781107228069E-002   0.0000000000000000     
  0.27682948987829759      -4.22620779124906198E-002  4.22605457912756458E-002  4.98554438198931249E-002   0.0000000000000000     
  0.27852351832759581      -4.21306104245344343E-002  4.25275649835266528E-002  5.01107899379093294E-002   0.0000000000000000     
  0.28022490885397411      -4.19992000790387135E-002  4.27952960792590612E-002  5.03669055831427667E-002   0.0000000000000000     
  0.28193367066149372      -4.18678499870010074E-002  4.30637459617960253E-002  5.06237982858422225E-002   0.0000000000000000     
  0.28364981314133569      -4.17365609695170767E-002  4.33329098511854791E-002  5.08814618467319790E-002   0.0000000000000000     
  0.28537334587346919      -4.16053361091614504E-002  4.36027908080830404E-002  5.11398992915515632E-002   0.0000000000000000     
  0.28710427862832716      -4.14741783544240669E-002  4.38733839479617388E-002  5.13991043248004167E-002   0.0000000000000000     
  0.28884262136849009      -4.13430882851853754E-002  4.41446884766591857E-002  5.16590754665371688E-002   0.0000000000000000     
  0.29058838425037664      -4.12120687254315179E-002  4.44167076321937554E-002  5.19198159571458984E-002   0.0000000000000000     
  0.29234157762594198      -4.10811220359513507E-002  4.46894405917339574E-002  5.21813242816131992E-002   0.0000000000000000     
  0.29410221204438514      -4.09502504376039189E-002  4.49628783549500810E-002  5.24435893941856621E-002   0.0000000000000000     
  0.29587029825386291      -4.08194561032169737E-002  4.52370325579683208E-002  5.27066243412843902E-002   0.0000000000000000     
  0.29764584720321213      -4.06887411232713866E-002  4.55118900656977451E-002  5.29704132831719660E-002   0.0000000000000000     
  0.29942887004368141      -4.05581074169792943E-002  4.57874626934927850E-002  5.32349694565868933E-002   0.0000000000000000     
  0.30121937813066968      -4.04275565016068289E-002  4.60637413535546214E-002  5.35002817653783061E-002   0.0000000000000000     
  0.30301738302547337      -4.02970921950857666E-002  4.63407253645045508E-002  5.37663489136794709E-002   0.0000000000000000     
  0.30482289649704430      -4.01667158901484467E-002  4.66184226017284514E-002  5.40331795290709821E-002   0.0000000000000000     
  0.30663593052375360      -4.00364292638500235E-002  4.68968196314935651E-002  5.43007575312164370E-002   0.0000000000000000     
  0.30845649729516572      -3.99062338849617421E-002  4.71759287904662053E-002  5.45690967142834493E-002   0.0000000000000000     
  0.31028460921382245      -3.97761309242488578E-002  4.74557408775265754E-002  5.48381859294268942E-002   0.0000000000000000     
  0.31212027889703459      -3.96461235527664838E-002  4.77362596624068131E-002  5.51080290465469913E-002   0.0000000000000000     
  0.31396351917868376      -3.95162147713013709E-002  4.80174803002975797E-002  5.53786199857084910E-002   0.0000000000000000     
  0.31581434311103379      -3.93864053654635893E-002  4.82994110740043170E-002  5.56499678166172060E-002   0.0000000000000000     
  0.31767276396655192      -3.92566961096709605E-002  4.85820426698439570E-002  5.59220613196534516E-002   0.0000000000000000     
  0.31953879523973899      -3.91270898980930829E-002  4.88653791059628084E-002  5.61949046501940552E-002   0.0000000000000000     
  0.32141245064897062      -3.89975894900784006E-002  4.91494155015704468E-002  5.64684917243432755E-002   0.0000000000000000     
  0.32329374413834810      -3.88681950033278462E-002  4.94341605133512482E-002  5.67428320204834760E-002   0.0000000000000000     
  0.32518268987955989      -3.87389090896179122E-002  4.97196046209201145E-002  5.70179141372794407E-002   0.0000000000000000     
  0.32707930227375287      -3.86097343339539684E-002  5.00057520620421844E-002  5.72937424792829691E-002   0.0000000000000000     
  0.32898359595341486      -3.84806707189830621E-002  5.02926026377043048E-002  5.75703163567988715E-002   0.0000000000000000     
  0.33089558578426820      -3.83517207848086406E-002  5.05801559524961045E-002  5.78476348587319902E-002   0.0000000000000000     
  0.33281528686717404      -3.82228869246216546E-002  5.08684117234295963E-002  5.81256972064443933E-002   0.0000000000000000     
  0.33474271454004734      -3.80941687537625223E-002  5.11573698521431766E-002  5.84045028355856533E-002   0.0000000000000000     
  0.33667788437978419      -3.79655680986723115E-002  5.14470300947086553E-002  5.86840510185079323E-002   0.0000000000000000     
  0.33862081220419965      -3.78370889997305254E-002  5.17373921840910064E-002  5.89643410045403091E-002   0.0000000000000000     
  0.34057151407397818      -3.77087330575153618E-002  5.20284512876203614E-002  5.92453668474524700E-002   0.0000000000000000     
  0.34253000629463576      -3.75804994911630302E-002  5.23202167698964410E-002  5.95271387748756778E-002   0.0000000000000000     
  0.34449630541849374      -3.74523898957057413E-002  5.26126838019840837E-002  5.98096508456279208E-002   0.0000000000000000     
  0.34647042824666552      -3.73244080421595015E-002  5.29058522470941955E-002  6.00929024689300095E-002   0.0000000000000000     
  0.34845239183105531      -3.71965548086297185E-002  5.31997220076456737E-002  6.03768931013207097E-002   0.0000000000000000     
  0.35044221347636978      -3.70688314729652815E-002  5.34942931795906740E-002  6.06616224214639455E-002   0.0000000000000000     
  0.35243991074214270      -3.69412392761483410E-002  5.37895657088403728E-002  6.09470899399586902E-002   0.0000000000000000     
  0.35444550144477277      -3.68137789895117903E-002  5.40855396203427652E-002  6.12332952593797608E-002   0.0000000000000000     
  0.35645900365957361      -3.66864540644666337E-002  5.43822149597283991E-002  6.15202380079015593E-002   0.0000000000000000     
  0.35848043572283983      -3.65592650503911362E-002  5.46795968299829613E-002  6.18079235324857090E-002   0.0000000000000000     
  0.36050981623392386      -3.64322125197598309E-002  5.49776802952679361E-002  6.20963458256894724E-002   0.0000000000000000     
  0.36254716405732879      -3.63052998378125547E-002  5.52764605137733706E-002  6.23854990059949654E-002   0.0000000000000000     
  0.36459249832481422      -3.61785274768618645E-002  5.55759477951091735E-002  6.26753942978473810E-002   0.0000000000000000     
  0.36664583843751780      -3.60518961811900560E-002  5.58761422004203159E-002  6.29660313435290719E-002   0.0000000000000000     
  0.36870720406808949      -3.59254062088540521E-002  5.61770338842493833E-002  6.32573986324662385E-002   0.0000000000000000     
  0.37077661516284266      -3.57990601841054051E-002  5.64786333778592234E-002  6.35495076175438267E-002   0.0000000000000000     
  0.37285409194391872      -3.56728602212462512E-002  5.67809357581454816E-002  6.38423523422994438E-002   0.0000000000000000     
  0.37493965491146797      -3.55468087041237307E-002  5.70839463639914446E-002  6.41359383987997050E-002   0.0000000000000000     
  0.37703332484584545      -3.54209053826864198E-002  5.73876552602159765E-002  6.44302542154705088E-002   0.0000000000000000     
  0.37913512280982309      -3.52951497819997267E-002  5.76920734053345541E-002  6.47253116963140973E-002   0.0000000000000000     
  0.38124507015081749      -3.51695472502722151E-002  5.79972009416878306E-002  6.50211105861536881E-002   0.0000000000000000     
  0.38336318850313383      -3.50440968779867634E-002  5.83030278801744406E-002  6.53176392815442292E-002   0.0000000000000000     
  0.38548949979022695      -3.49187978423905060E-002  5.86095653622329404E-002  6.56149098692433569E-002   0.0000000000000000     
  0.38762402622697845      -3.47936549273042406E-002  5.89168136666436762E-002  6.59129222508029189E-002   0.0000000000000000     
  0.38976679032199130      -3.46686696487955096E-002  5.92247679197236837E-002  6.62116705691842000E-002   0.0000000000000000     
  0.39191781487990157      -3.45438409269157934E-002  5.95334288164428779E-002  6.65111552061941058E-002   0.0000000000000000     
  0.39407712300370806      -3.44191708467789723E-002  5.98428023281144250E-002  6.68113824346513452E-002   0.0000000000000000     
  0.39624473809711858      -3.42946613977153647E-002  6.01528835609417417E-002  6.71123463896284994E-002   0.0000000000000000     
  0.39842068386691620      -3.41703113200044345E-002  6.04636732341933547E-002  6.74140474816815188E-002   0.0000000000000000     
  0.40060498432534153      -3.40461219386534383E-002  6.07751775009306369E-002  6.77164921760339406E-002   0.0000000000000000     
  0.40279766379249643      -3.39220971073502381E-002  6.10873969190344826E-002  6.80196806921774949E-002   0.0000000000000000     
  0.40499874689876375      -3.37982373810842909E-002  6.14003266603611944E-002  6.83236072572843411E-002   0.0000000000000000     
  0.40720825858724852      -3.36745437624386759E-002  6.17139730624046215E-002  6.86282785316484206E-002   0.0000000000000000     
  0.40942622411623703      -3.35510172985726621E-002  6.20283313422376054E-002  6.89336888015283783E-002   0.0000000000000000     
  0.41165266906167669      -3.34276589951673780E-002  6.23434079341965777E-002  6.92398448274551548E-002   0.0000000000000000     
  0.41388761931967571      -3.33044698674714104E-002  6.26591979671941995E-002  6.95467408062844517E-002   0.0000000000000000     
  0.41613110110902279      -3.31814509083881229E-002  6.29757079974753858E-002  6.98543836265621831E-002   0.0000000000000000     
  0.41838314097372825      -3.30586029214208557E-002  6.32929332429942038E-002  7.01627675923325173E-002   0.0000000000000000     
  0.42064376578558471      -3.29359262012121484E-002  6.36108805218513068E-002  7.04718998746870218E-002   0.0000000000000000     
  0.42291300274675070      -3.28134241350769573E-002  6.39295506112707024E-002  7.07817809404377996E-002   0.0000000000000000     
  0.42519087939235495      -3.26910966806539249E-002  6.42489444078091915E-002  7.10924113890769593E-002   0.0000000000000000     
  0.42747742359312274      -3.25689437007273749E-002  6.45690571956285819E-002  7.14037856139620730E-002   0.0000000000000000     
  0.42977266355802424      -3.24469678713022180E-002  6.48898900727399308E-002  7.17159044490124215E-002   0.0000000000000000     
  0.43207662783694595      -3.23251719068290422E-002  6.52114558478446155E-002  7.20287816627714211E-002   0.0000000000000000     
  0.43438934532338463      -3.22035556049541025E-002  6.55337437894004254E-002  7.23424050072537239E-002   0.0000000000000000     
  0.43671084525716430      -3.20821191835782907E-002  6.58567609364422990E-002  7.26567818704137447E-002   0.0000000000000000     
  0.43904115722717779      -3.19608624504396088E-002  6.61805026421608822E-002  7.29719067398557769E-002   0.0000000000000000     
  0.44138031117415044      -3.18397881632495050E-002  6.65049820095447997E-002  7.32877936777657363E-002   0.0000000000000000     
  0.44372833739342943      -3.17188992428236935E-002  6.68301880759907541E-002  7.36044302112018600E-002   0.0000000000000000     
  0.44608526653779790      -3.15981916632446583E-002  6.71561284142282167E-002  7.39218243000628744E-002   0.0000000000000000     
  0.44845112962031242      -3.14776678975116284E-002  6.74827982285676337E-002  7.42399702813798246E-002   0.0000000000000000     
  0.45082595801716741      -3.13573331500115182E-002  6.78102109081266113E-002  7.45588825013072942E-002   0.0000000000000000     
  0.45320978347058466      -3.12371859928880537E-002  6.81383554985704881E-002  7.48785485248348315E-002   0.0000000000000000     
  0.45560263809172818      -3.11172256370703879E-002  6.84672397451125958E-002  7.51989764843175312E-002   0.0000000000000000     
  0.45800455436364707      -3.09974542980776327E-002  6.87968649906644802E-002  7.55201674684132240E-002   0.0000000000000000     
  0.46041556514424331      -3.08778735800860175E-002  6.91272326093642642E-002  7.58421225997537862E-002   0.0000000000000000     
  0.46283570366926818      -3.07584853945188676E-002  6.94583442034310827E-002  7.61648432507505135E-002   0.0000000000000000     
  0.46526500355534578      -3.06392880703415353E-002  6.97902013737339427E-002  7.64883307915180527E-002   0.0000000000000000     
  0.46770349880302375      -3.05202835462046358E-002  7.01227990790705552E-002  7.68125793156712450E-002   0.0000000000000000     
  0.47015122379985386      -3.04014732560631586E-002  7.04561517376916108E-002  7.71376042360516628E-002   0.0000000000000000     
  0.47260821332350028      -3.02828585022730037E-002  7.07902482679306500E-002  7.74633930319660463E-002   0.0000000000000000     
  0.47507450254487660      -3.01644409120603897E-002  7.11250966813484903E-002  7.77899540930559741E-002   0.0000000000000000     
  0.47755012703131411      -3.00462184647789822E-002  7.14607051204175642E-002  7.81172959370386166E-002   0.0000000000000000     
  0.48003512274975840      -2.99281923181487081E-002  7.17970623380289608E-002  7.84454058816033833E-002   0.0000000000000000     
  0.48252952606999699      -2.98103667224972266E-002  7.21341766245556654E-002  7.87742926081416717E-002   0.0000000000000000     
  0.48503337376791844      -2.96927423430048097E-002  7.24720498125869250E-002  7.91039577341387523E-002   0.0000000000000000     
  0.48754670302880160      -2.95753163099168881E-002  7.28106900653542610E-002  7.94344097826891610E-002   0.0000000000000000     
  0.49006955145063685      -2.94580933735690206E-002  7.31500860908966544E-002  7.97656360477903836E-002   0.0000000000000000     
  0.49260195704748094      -2.93410741102757243E-002  7.34902531059410807E-002  8.00976527425893287E-002   0.0000000000000000     
  0.49514395825284219      -2.92242553945925680E-002  7.38311796537603066E-002  8.04304469935099714E-002   0.0000000000000000     
  0.49769559392310025      -2.91076414033205506E-002  7.41728746649353149E-002  8.07640281530370291E-002   0.0000000000000000     
  0.50025690334095929      -2.89912358479439171E-002  7.45153464580379787E-002  8.10984048919982520E-002   0.0000000000000000     
  0.50282792621893446      -2.88750352102322277E-002  7.48585904276483222E-002  8.14335718080951565E-002   0.0000000000000000     
  0.50540870270287375      -2.87590400880320674E-002  7.52026085982624992E-002  8.17695307205049821E-002   0.0000000000000000     
  0.50799927337551420      -2.86432542470467510E-002  7.55474030157266968E-002  8.21062834706089983E-002   0.0000000000000000     
  0.51059967926007377      -2.85276773212404973E-002  7.58929760810157367E-002  8.24438322845709864E-002   0.0000000000000000     
  0.51320996182387890      -2.84123088457777194E-002  7.62393296951593968E-002  8.27821788440409045E-002   0.0000000000000000     
  0.51583016298202922      -2.82971518364429596E-002  7.65864727157754971E-002  8.31213323802162535E-002   0.0000000000000000     
  0.51846032510109841      -2.81822097248200856E-002  7.69343937091805097E-002  8.34612800973302260E-002   0.0000000000000000     
  0.52110049100287303      -2.80674784777381198E-002  7.72831092020595800E-002  8.38020395439901256E-002   0.0000000000000000     
  0.52375070396812906      -2.79529576500337114E-002  7.76326144213724118E-002  8.41436051538205360E-002   0.0000000000000000     
  0.52641100774044691      -2.78386540275240325E-002  7.79829181026607532E-002  8.44859860079835434E-002   0.0000000000000000     
  0.52908144653006617      -2.77245661218841755E-002  7.83340087071207197E-002  8.48291692188198748E-002   0.0000000000000000     
  0.53176206501777901      -2.76106929554524559E-002  7.86859032463320535E-002  8.51731728279710304E-002   0.0000000000000000     
  0.53445290835886394      -2.74970371421885129E-002  7.90385967550050195E-002  8.55179910698289081E-002   0.0000000000000000     
  0.53715402218706132      -2.73836012461306580E-002  7.93920915982155861E-002  8.58636261192592259E-002   0.0000000000000000     
  0.53986545261858798      -2.72703840782596851E-002  7.97463976081758535E-002  8.62100882223630904E-002   0.0000000000000000     
  0.54258724625619603      -2.71573840693162087E-002  8.01015101278816366E-002  8.65573719535069064E-002   0.0000000000000000     
  0.54531945019327266      -2.70446076889395703E-002  8.04574386442244716E-002  8.69054871763204340E-002   0.0000000000000000     
  0.54806211201798283      -2.69320528500407268E-002  8.08141714697943186E-002  8.72544208788753189E-002   0.0000000000000000     
  0.55081527981745670      -2.68197176013659083E-002  8.11717262910029574E-002  8.76041917750958604E-002   0.0000000000000000     
  0.55357900218202005      -2.67076076920380844E-002  8.15301053208250526E-002  8.79548018578831664E-002   0.0000000000000000     
  0.55635332820946937      -2.65957243872160000E-002  8.18893036541379626E-002  8.83062454437983785E-002   0.0000000000000000     
  0.55913830750939475      -2.64840653836484405E-002  8.22493243297479359E-002  8.86585254243678345E-002   0.0000000000000000     
  0.56193399020754475      -2.63726327669284860E-002  8.26101774646972181E-002  8.90116523158717976E-002   0.0000000000000000     
  0.56474042695024185      -2.62614285290754881E-002  8.29718585447878632E-002  8.93656208617593512E-002   0.0000000000000000     
  0.56755766890884285      -2.61504503206657392E-002  8.33343706505118159E-002  8.97204339933490164E-002   0.0000000000000000     
  0.57038576778424788      -2.60396993926760752E-002  8.36977240253368310E-002  9.00761023489108220E-002   0.0000000000000000     
  0.57322477581145836      -2.59291803879937201E-002  8.40619214912098761E-002  9.04326285688300119E-002   0.0000000000000000     
  0.57607474576418316      -2.58188939687461240E-002  8.44269583862741479E-002  9.07900072444241674E-002   0.0000000000000000     
  0.57893573095949702      -2.57088367408594698E-002  8.47928455426270045E-002  9.11482496335160736E-002   0.0000000000000000     
  0.58180778526254662      -2.55990140395054230E-002  8.51595780525880447E-002  9.15073500664157491E-002   0.0000000000000000     
  0.58469096309130997      -2.54894265105955441E-002  8.55271592802554631E-002  9.18673117699598807E-002   0.0000000000000000     
  0.58758531942140790      -2.53800705368216854E-002  8.58956002682177561E-002  9.22281462134821178E-002   0.0000000000000000     
  0.59049090979096697      -2.52709512799169436E-002  8.62649036917459144E-002  9.25898558710821357E-002   0.0000000000000000     
  0.59340779030553725      -2.51620685162788557E-002  8.66350727703858459E-002  9.29524438000850911E-002   0.0000000000000000     
  0.59633601764306399      -2.50534219740305222E-002  8.70061032462890599E-002  9.33159050365770237E-002   0.0000000000000000     
  0.59927564905891273      -2.49450156893524753E-002  8.73779982848060938E-002  9.36802425855396137E-002   0.0000000000000000     
  0.60222674239095364      -2.48368490611226775E-002  8.77507692070998158E-002  9.40454681912893803E-002   0.0000000000000000     
  0.60518935606469781      -2.47289217674793275E-002  8.81244191384807640E-002  9.44115848033704047E-002   0.0000000000000000     
  0.60816354909849502      -2.46212378407519271E-002  8.84989512894001212E-002  9.47785954612635623E-002   0.0000000000000000     
  0.61114938110878636      -2.45137965586845544E-002  8.88743615770640899E-002  9.51464953951599857E-002   0.0000000000000000     
  0.61414691231541851      -2.44065974025290955E-002  8.92506613271572130E-002  9.55152963351052903E-002   0.0000000000000000     
  0.61715620354701473      -2.42996442520962419E-002  8.96278537192380792E-002  9.58850012826407555E-002   0.0000000000000000     
  0.62017731624640859      -2.41929361868286272E-002  9.00059346284405454E-002  9.62556054265281541E-002   0.0000000000000000     
  0.62321031247613901      -2.40864724149728697E-002  9.03849240025745709E-002  9.66271297005159152E-002   0.0000000000000000     
  0.62625525492400491      -2.39802559625351026E-002  9.07648087153471034E-002  9.69995596662454607E-002   0.0000000000000000     
  0.62931220690868650      -2.38742888348246474E-002  9.11455925409494633E-002  9.73728989636584163E-002   0.0000000000000000     
  0.63238123238542798      -2.37685736074176139E-002  9.15272957009604649E-002  9.77471687957906094E-002   0.0000000000000000     
  0.63546239595178489      -2.36631089479651634E-002  9.19099054913426888E-002  9.81223551886501871E-002   0.0000000000000000     
  0.63855576285343918      -2.35578936568929739E-002  9.22934423725103037E-002  9.84984795845440381E-002   0.0000000000000000     
  0.64166139899007890      -2.34529304534181436E-002  9.26778932915267167E-002  9.88755276454905824E-002   0.0000000000000000     
  0.64477937092134641      -2.33482210552150224E-002  9.30632705594327536E-002  9.92535121070230592E-002   0.0000000000000000     
  0.64790974587285433      -2.32437669591929359E-002  9.34495781211560211E-002  9.96324367711797221E-002   0.0000000000000000     
  0.65105259174227126      -2.31395695736225093E-002  9.38368115433405037E-002  0.10001229650848632        0.0000000000000000     
  0.65420797710547729      -2.30356310278169302E-002  9.42249915201419236E-002  0.10039311297177177        0.0000000000000000     
  0.65737597122279234      -2.29319488539042500E-002  9.46141137445828811E-002  0.10077488115967234        0.0000000000000000     
  0.66055664404527481      -2.28285252963114013E-002  9.50041740364042375E-002  0.10115759621552819        0.0000000000000000     
  0.66375006622109389      -2.27253615268109242E-002  9.53951935419974084E-002  0.10154128025052335        0.0000000000000000     
  0.66695630910197834      -2.26224580466335874E-002  9.57871674780298027E-002  0.10192592775920442        0.0000000000000000     
  0.67017544474973667      -2.25198206682594368E-002  9.61800913054356166E-002  0.10231153350628724        0.0000000000000000     
  0.67340754594285790      -2.24174452328084854E-002  9.65739871513505016E-002  0.10269812062354435        0.0000000000000000     
  0.67665268618318597      -2.23153327841663536E-002  9.69688504436680698E-002  0.10308568383343440        0.0000000000000000     
  0.67991093970267658      -2.22134884267078982E-002  9.73646852635812604E-002  0.10347422706464841        0.0000000000000000     
  0.68318238147022803      -2.21119119846749888E-002  9.77614959496146685E-002  0.10386375451767611        0.0000000000000000     
  0.68646708719860039      -2.20106039343208222E-002  9.81592872419159018E-002  0.10425427081767480        0.0000000000000000     
  0.68976513335140843      -2.19095648168487582E-002  9.85580634883441997E-002  0.10464578017091089        0.0000000000000000     
  0.69307659715020387      -2.18087942764910482E-002  9.89578293983665314E-002  0.10503828716566339        0.0000000000000000     
  0.69640155658163772      -2.17082960192418774E-002  9.93585982709259408E-002  0.10543180550247536        0.0000000000000000     
  0.69974009040471052      -2.16080738491179689E-002  9.97603564974828688E-002  0.10582632032514822        0.0000000000000000     
  0.70309227815810671      -2.15081271103811401E-002  0.10016312706672453       0.10622185560959818        0.0000000000000000     
  0.70645820016761895      -2.14084555810784075E-002  0.10056691430280608       0.10661841551886816        0.0000000000000000     
  0.70983793755365931      -2.13090586174237810E-002  0.10097170533903578       0.10701598599462668        0.0000000000000000     
  0.71323157223886224      -2.12099399260154246E-002  0.10137752281596230       0.10741459062019304        0.0000000000000000     
  0.71663918695577877      -2.11111025099594458E-002  0.10178436216344856       0.10781422413197700        0.0000000000000000     
  0.72006086525466129      -2.10125441883104239E-002  0.10219222883657657       0.10821489189201318        0.0000000000000000     
  0.72349669151134521      -2.09142680472183991E-002  0.10260113664369501       0.10861660810255851        0.0000000000000000     
  0.72694675093522465      -2.08162763492189332E-002  0.10301108124589459       0.10901936774727911        0.0000000000000000     
  0.73041112957732424      -2.07185716997628500E-002  0.10342206750155647       0.10942317555001832        0.0000000000000000     
  0.73388991433847006      -2.06211515494358587E-002  0.10383411024000525       0.10982804677921400        0.0000000000000000     
  0.73738319297755928      -2.05240187019783901E-002  0.10424721412764500       0.11023398594298579        0.0000000000000000     
  0.74089105411993039      -2.04271748466021558E-002  0.10466136600002400       0.11064097869835486        0.0000000000000000     
  0.74441358726583595      -2.03306216280192131E-002  0.10507659871776111       0.11104905936291634        0.0000000000000000     
  0.74795088279902122      -2.02343605827662067E-002  0.10549288957041021       0.11145820350624770        0.0000000000000000     
  0.75150303199540192      -2.01383930285525259E-002  0.10591027225725413       0.11186844631157396        0.0000000000000000     
  0.75507012703185583      -2.00427200667278767E-002  0.10632872342662215       0.11227976268306043        0.0000000000000000     
  0.75865226099511718      -1.99473421987790209E-002  0.10674827720797458       0.11269218823756197        0.0000000000000000     
  0.76224952789078448      -1.98522656798184316E-002  0.10716891946012401       0.11310570761218988        0.0000000000000000     
  0.76586202265243630      -1.97574852204198993E-002  0.10759065642107374       0.11352032696658065        0.0000000000000000     
  0.76948984115086139      -1.96630071342272297E-002  0.10801351232451330       0.11393607143971488        0.0000000000000000     
  0.77313308020340477      -1.95688312022696438E-002  0.10843747345392186       0.11435292612694586        0.0000000000000000     
  0.77679183758342674      -1.94749572142695303E-002  0.10886254578063363       0.11477089689943794        0.0000000000000000     
  0.78046621202988187      -1.93813900751010661E-002  0.10928875416895908       0.11519000953886210        0.0000000000000000     
  0.78415630325701713      -1.92881282453255705E-002  0.10971608476449411       0.11561024900476913        0.0000000000000000     
  0.78786221196418926      -1.91951757146680384E-002  0.11014454360642925       0.11603162123291683        0.0000000000000000     
  0.79158403984580872      -1.91025361888848798E-002  0.11057415603026365       0.11645415247892232        0.0000000000000000     
  0.79532188960140393      -1.90102082807102196E-002  0.11100491789022748       0.11687783793400516        0.0000000000000000     
  0.79907586494581462      -1.89181898324101670E-002  0.11143682551604366       0.11730267329855816        0.0000000000000000     
  0.80284607061951363      -1.88264891613144393E-002  0.11186989475338757       0.11772867481903178        0.0000000000000000     
  0.80663261239905693      -1.87351086226864444E-002  0.11230413139006246       0.11815584814713315        0.0000000000000000     
  0.81043559710766611      -1.86440456738493354E-002  0.11273954185566552       0.11858419960765137        0.0000000000000000     
  0.81425513262594729      -1.85533036140762969E-002  0.11317613191100810       0.11901373481947584        0.0000000000000000     
  0.81809132790274108      -1.84628852794236631E-002  0.11361390772691997       0.11944445983068451        0.0000000000000000     
  0.82194429296611526      -1.83727877697811189E-002  0.11405287633887129       0.11987638159588461        0.0000000000000000     
  0.82581413893449329      -1.82830130825890058E-002  0.11449304351974798       0.12030950573984958        0.0000000000000000     
  0.82970097802792731      -1.81935666973563892E-002  0.11493441534745573       0.12074383820603182        0.0000000000000000     
  0.83360492357951277      -1.81044537514539264E-002  0.11537699826362882       0.12117938531787105        0.0000000000000000     
  0.83752609004695178      -1.80156748391194881E-002  0.11582079906100499       0.12161615376511600        0.0000000000000000     
  0.84146459302426191      -1.79272250312106363E-002  0.11626583467327783       0.12205416088066903        0.0000000000000000     
  0.84542054925363663      -1.78391105715402822E-002  0.11671209050985996       0.12249339089881754        0.0000000000000000     
  0.84939407663745714      -1.77513362482331141E-002  0.11715959414709222       0.12293387231781773        0.0000000000000000     
  0.85338529425046128      -1.76639013995891318E-002  0.11760834190318074       0.12337560082173923        0.0000000000000000     
  0.85739432235206614      -1.75768056211742102E-002  0.11805835103279975       0.12381859406055831        0.0000000000000000     
  0.86142128239885263      -1.74900535856757182E-002  0.11850960712012976       0.12426283646356692        0.0000000000000000     
  0.86546629705720968      -1.74036491688773325E-002  0.11896213813532455       0.12470835691174573        0.0000000000000000     
  0.86952949021614501      -1.73175901702945605E-002  0.11941595105377240       0.12515516225932014        0.0000000000000000     
  0.87361098700025819      -1.72318806337646915E-002  0.11987103173841192       0.12560323723606601        0.0000000000000000     
  0.87771091378288824      -1.71465233388596872E-002  0.12032741895047211       0.12605262200482872        0.0000000000000000     
  0.88182939819942663      -1.70615207331251614E-002  0.12078508769155859       0.12650328991754517        0.0000000000000000     
  0.88596656916080907      -1.69768758016283668E-002  0.12124407756116405       0.12695528199503325        0.0000000000000000     
  0.89012255686718045      -1.68925845138084840E-002  0.12170436330787053       0.12740857133452568        0.0000000000000000     
  0.89429749282174231      -1.68086542375844548E-002  0.12216598440014310       0.12786319879945388        0.0000000000000000     
  0.89849150984477766      -1.67250918051789939E-002  0.12262891537178171       0.12831913727288027        0.0000000000000000     
  0.90270474208786544      -1.66418922628890423E-002  0.12309319700660069       0.12877642897470898        0.0000000000000000     
  0.90693732504827806      -1.65590569721439131E-002  0.12355881478777145       0.12923505825030013        0.0000000000000000     
  0.91118939558357148      -1.64765915947372513E-002  0.12402578702617371       0.12969504379105948        0.0000000000000000     
  0.91546109192636715      -1.63945011063866761E-002  0.12449412073241721       0.13015639246175720        0.0000000000000000     
  0.91975255369933073      -1.63127839313979665E-002  0.12496381300483676       0.13061910076433100        0.0000000000000000     
  0.92406392193034947      -1.62314447973795663E-002  0.12543489334969299       0.13108319907497495        0.0000000000000000     
  0.92839533906791005      -1.61504881458683115E-002  0.12590734706563220       0.13154867155936464        0.0000000000000000     
  0.93274694899668342      -1.60699120119660449E-002  0.12638119381421423       0.13201553829567342        0.0000000000000000     
  0.93711889705331597      -1.59897208097823547E-002  0.12685644120616002       0.13248380676352836        0.0000000000000000     
  0.94151133004243337      -1.59099186608195782E-002  0.12733309693553882       0.13295348452728337        0.0000000000000000     
  0.94592439625285707      -1.58305027000896804E-002  0.12781116973868403       0.13342458023699943        0.0000000000000000     
  0.95035824547403935      -1.57514756233263914E-002  0.12829066737411635       0.13389710151899048        0.0000000000000000     
  0.95481302901272047      -1.56728443925214199E-002  0.12877159733872756       0.13437105572426480        0.0000000000000000     
  0.95928889970980669      -1.55946148970097873E-002  0.12925396785103993       0.13484645095465081        0.0000000000000000     
  0.96378601195748070      -1.55167875336087013E-002  0.12973778757639906       0.13532329577541968        0.0000000000000000     
  0.96830452171653925      -1.54393635149560164E-002  0.13022307613687809       0.13580161017498241        0.0000000000000000     
  0.97284458653396777      -1.53623431427409481E-002  0.13070983074377682       0.13628139076347182        0.0000000000000000     
  0.97740636556075278      -1.52857323373407680E-002  0.13119805913697075       0.13676264513306868        0.0000000000000000     
  0.98199001956993692      -1.52095360699959891E-002  0.13168777028703182       0.13724538215655463        0.0000000000000000     
  0.98659571097491849      -1.51337526538588545E-002  0.13217898469136721       0.13772962271456726        0.0000000000000000     
  0.99122360384800301      -1.50583870411589230E-002  0.13267169907190904       0.13821536290622041        0.0000000000000000     
  0.99587386393920418      -1.49834428333875166E-002  0.13316593373730046       0.13870262340531911        0.0000000000000000     
   1.0005466586953078      -1.49089229761586433E-002  0.13366168568907755       0.13919140060207463        0.0000000000000000     
   1.0052421572791921      -1.48348301205138006E-002  0.13415897557928938       0.13968171551786140        0.0000000000000000     
   1.0099605305894168      -1.47611667624491724E-002  0.13465781241257213       0.14017357703720287        0.0000000000000000     
   1.0147019512800801      -1.46879342302020290E-002  0.13515819364629511       0.14066698202400391        0.0000000000000000     
   1.0194665937809508      -1.46151392867495695E-002  0.13566013933733220       0.14116195086489453        0.0000000000000000     
   1.0242546343178776      -1.45427879389514510E-002  0.13616364661581545       0.14165848008297860        0.0000000000000000     
   1.0290662509334811      -1.44708801990623085E-002  0.13666873803314869       0.14215659265034067        0.0000000000000000     
   1.0339016235081329      -1.43994162181588555E-002  0.13717543484681308       0.14265631018004418        0.0000000000000000     
   1.0387609337812276      -1.43284016911820900E-002  0.13768372074200289       0.14315761520690845        0.0000000000000000     
   1.0436443653727485      -1.42578409202004444E-002  0.13819361838883720       0.14366053081052091        0.0000000000000000     
   1.0485521038051344      -1.41877374410205020E-002  0.13870513701478937       0.14416506608547117        0.0000000000000000     
   1.0534843365254549      -1.41180943563706963E-002  0.13921828577975134       0.14467123005359309        0.0000000000000000     
   1.0584412529278930      -1.40489146497040779E-002  0.13973307461552581       0.14517903253628325        0.0000000000000000     
   1.0634230443765429      -1.39801997321295120E-002  0.14024951388622581       0.14568848380102556        0.0000000000000000     
   1.0684299042285310      -1.39119567378301091E-002  0.14076762492407580       0.14619960550338290        0.0000000000000000     
   1.0734620278574605      -1.38441928452317179E-002  0.14128739293470863       0.14671238177355916        0.0000000000000000     
   1.0785196126771859      -1.37769084248077159E-002  0.14180885319126446       0.14722684873822336        0.0000000000000000     
   1.0836028581659252      -1.37101035881006215E-002  0.14233201527684652       0.14774301583526700        0.0000000000000000     
   1.0887119658907138      -1.36437846714514300E-002  0.14285687658781490       0.14826087985241468        0.0000000000000000     
   1.0938471395322025      -1.35779562731554431E-002  0.14338344735266789       0.14878045089930558        0.0000000000000000     
   1.0990085849098106      -1.35126220720844358E-002  0.14391175114221369       0.14930175292471537        0.0000000000000000     
   1.1041965100072375      -1.34477855259467309E-002  0.14444178509707198       0.14982478244947539        0.0000000000000000     
   1.1094111249983363      -1.33834491805364976E-002  0.14497357309520609       0.15034956373021086        0.0000000000000000     
   1.1146526422733567      -1.33196219373535023E-002  0.14550712427695001       0.15087610572931753        0.0000000000000000     
   1.1199212764655688      -1.32563048307373279E-002  0.14604243647521278       0.15140440568477626        0.0000000000000000     
   1.1252172444782631      -1.31934975075138176E-002  0.14657953531885257       0.15193448965242665        0.0000000000000000     
   1.1305407655121411      -1.31312125021296883E-002  0.14711844242993580       0.15246637952186501        0.0000000000000000     
   1.1358920610931011      -1.30694545536230236E-002  0.14765914210967995       0.15300005850119372        0.0000000000000000     
   1.1412713551004250      -1.30082222294614427E-002  0.14820166020977585       0.15353555286067458        0.0000000000000000     
   1.1466788737953715      -1.29475213423942710E-002  0.14874600700159654       0.15407287271862263        0.0000000000000000     
   1.1521148458501842      -1.28873547293143122E-002  0.14929219416332778       0.15461202964789941        0.0000000000000000     
   1.1575795023775228      -1.28277318552727122E-002  0.14984024484906544       0.15515304710081862        0.0000000000000000     
   1.1630730769603190      -1.27686542884406940E-002  0.15039015674516681       0.15569592215205297        0.0000000000000000     
   1.1685958056820702      -1.27101220018749333E-002  0.15094194203113431       0.15624066688482904        0.0000000000000000     
   1.1741479271575750      -1.26521481798751428E-002  0.15149561271926271       0.15678729320576282        0.0000000000000000     
   1.1797296825641184      -1.25947381265538710E-002  0.15205119299611261       0.15733582561546849        0.0000000000000000     
   1.1853413156731141      -1.25378904700916092E-002  0.15260869382666828       0.15788627492397705        0.0000000000000000     
   1.1909830728822126      -1.24816099941032297E-002  0.15316811435975120       0.15843863971605462        0.0000000000000000     
   1.1966552032478812      -1.24259067734434434E-002  0.15372946644110339       0.15899293171375584        0.0000000000000000     
   1.2023579585184643      -1.23707817879778938E-002  0.15429278908486574       0.15954919073001808        0.0000000000000000     
   1.2080915931677330      -1.23162434553248188E-002  0.15485806549197409       0.16010739885112715        0.0000000000000000     
   1.2138563644289326      -1.22622987507512906E-002  0.15542532189384736       0.16066758266173703        0.0000000000000000     
   1.2196525323293330      -1.22089473358872238E-002  0.15599457181232362       0.16122975559775005        0.0000000000000000     
   1.2254803597252961      -1.21561965320345512E-002  0.15656582748052830       0.16179392975936810        0.0000000000000000     
   1.2313401123378622      -1.21040510226905814E-002  0.15713911322270521       0.16236012973660902        0.0000000000000000     
   1.2372320587888701      -1.20525141924924910E-002  0.15771441429913413       0.16292833975307663        0.0000000000000000     
   1.2431564706376188      -1.20015958813284689E-002  0.15829177164597369       0.16349860155461057        0.0000000000000000     
   1.2491136224180743      -1.19513042188451862E-002  0.15887118324217581       0.16407091250202410        0.0000000000000000     
   1.2551037916766403      -1.19016387703243572E-002  0.15945266253096918       0.16464528593056887        0.0000000000000000     
   1.2611272590104965      -1.18526073874814959E-002  0.16003623585549426       0.16522174848980190        0.0000000000000000     
   1.2671843081065106      -1.18042155240509431E-002  0.16062190214714445       0.16580029852186939        0.0000000000000000     
   1.2732752257807471      -1.17564665242841787E-002  0.16120968948429529       0.16638096445683695        0.0000000000000000     
   1.2794003020185660      -1.17093707532928051E-002  0.16179960946073946       0.16696375770118946        0.0000000000000000     
   1.2855598300153359      -1.16629376190721373E-002  0.16239167485874981       0.16754869088550051        0.0000000000000000     
   1.2917541062177651      -1.16171671640001063E-002  0.16298588613973769       0.16813576392732557        0.0000000000000000     
   1.2979834303658591      -1.15720673663159603E-002  0.16358228452062579       0.16872501878603474        0.0000000000000000     
   1.3042481055355266      -1.15276442989189123E-002  0.16418085483143505       0.16931643924950981        0.0000000000000000     
   1.3105484381818286      -1.14839024176429782E-002  0.16478164030999465       0.16991006934620193        0.0000000000000000     
   1.3168847381828999      -1.14408537736527469E-002  0.16538463837167036       0.17050590584135250        0.0000000000000000     
   1.3232573188845380      -1.13984993206344525E-002  0.16598986428105866       0.17110396390641086        0.0000000000000000     
   1.3296664971454837      -1.13568479042477771E-002  0.16659734576198612       0.17170427154987616        0.0000000000000000     
   1.3361125933833993      -1.13159061963736887E-002  0.16720708309524582       0.17230682848845388        0.0000000000000000     
   1.3425959316215588      -1.12756793159030037E-002  0.16781910490005889       0.17291166364251759        0.0000000000000000     
   1.3491168395362594      -1.12361800002643512E-002  0.16843342373220752       0.17351878937188023        0.0000000000000000     
   1.3556756485049741      -1.11974099105978924E-002  0.16905004104059654       0.17412820659366196        0.0000000000000000     
   1.3622726936552489      -1.11593790877865771E-002  0.16966900009787353       0.17473995930335157        0.0000000000000000     
   1.3689083139143676      -1.11220961872007165E-002  0.17029028483390141       0.17535403036830111        0.0000000000000000     
   1.3755828520597899      -1.10855597832169427E-002  0.17091392694750077       0.17597045185336174        0.0000000000000000     
   1.3822966547703814      -1.10497840249590331E-002  0.17153995491261459       0.17658925249004123        0.0000000000000000     
   1.3890500726784487      -1.10147796492820246E-002  0.17216836712425321       0.17721043003858278        0.0000000000000000     
   1.3958434604225924      -1.09805480388443372E-002  0.17279918148403156       0.17783400234078958        0.0000000000000000     
   1.4026771767013932      -1.09470990834809670E-002  0.17343242648321502       0.17845999813007457        0.0000000000000000     
   1.4095515843279482      -1.09144403165177487E-002  0.17406811762971683       0.17908843277084546        0.0000000000000000     
   1.4164670502852730      -1.08825767727267816E-002  0.17470625505154663       0.17971930580286130        0.0000000000000000     
   1.4234239457825768      -1.08515200098617294E-002  0.17534686861302545       0.18035264735672435        0.0000000000000000     
   1.4304226463124403      -1.08212792766087841E-002  0.17598997478730780       0.18098847377978622        0.0000000000000000     
   1.4374635317089013      -1.07918624404890213E-002  0.17663558946542299       0.18162680081699165        0.0000000000000000     
   1.4445469862064704      -1.07632758534721863E-002  0.17728372779593954       0.18226764344651508        0.0000000000000000     
   1.4516733985000922      -1.07355331153576872E-002  0.17793440481288489       0.18291101652583186        0.0000000000000000     
   1.4588431618060669      -1.07086381583609627E-002  0.17858765424888584       0.18355695412847697        0.0000000000000000     
   1.4660566739239536      -1.06825931695348191E-002  0.17924347555800113       0.18420545508702829        0.0000000000000000     
   1.4733143372994746      -1.06574142692188421E-002  0.17990190062759714       0.18485655156679126        0.0000000000000000     
   1.4806165590884308      -1.06331151146947973E-002  0.18056292960365161       0.18551024310977046        0.0000000000000000     
   1.4879637512216581      -1.06096986455870516E-002  0.18122661172904700       0.18616657969899930        0.0000000000000000     
   1.4953563304710340      -1.05871757755121604E-002  0.18189293103440568       0.18682554431503509        0.0000000000000000     
   1.5027947185165598      -1.05655556925635160E-002  0.18256193587831285       0.18748718601678421        0.0000000000000000     
   1.5102793420145404      -1.05448455172289339E-002  0.18323362696012793       0.18815150490376303        0.0000000000000000     
   1.5178106326668717      -1.05250594591608983E-002  0.18390802199131576       0.18881851854746246        0.0000000000000000     
   1.5253890272914687      -1.05061990505117206E-002  0.18458513900529874       0.18948824484608862        0.0000000000000000     
   1.5330149678938485      -1.04882831898919764E-002  0.18526501031947687       0.19016071635537418        0.0000000000000000     
   1.5406889017398915      -1.04713180586933404E-002  0.18594765313178277       0.19083595010244664        0.0000000000000000     
   1.5484112814298026      -1.04553079924307873E-002  0.18663308521179722       0.19151396369774712        0.0000000000000000     
   1.5561825649732948      -1.04402740688335043E-002  0.18732132334014912       0.19219477373349669        0.0000000000000000     
   1.5640032158660224      -1.04262239421935906E-002  0.18801238582162075       0.19287839836257115        0.0000000000000000     
   1.5718737031672774      -1.04131653770209529E-002  0.18870629028888827       0.19356485504472171        0.0000000000000000     
   1.5797945015789876      -1.04011033569346104E-002  0.18940305692390846       0.19425416385098107        0.0000000000000000     
   1.5877660915260268      -1.03900584280459795E-002  0.19010273482870332       0.19494637450470548        0.0000000000000000     
   1.5957889592378698      -1.03800381780435377E-002  0.19080529260545612       0.19564145416914441        0.0000000000000000     
   1.6038635968316219      -1.03710484627857653E-002  0.19151079991186681       0.19633947363400187        0.0000000000000000     
   1.6119905023964347      -1.03631126291713217E-002  0.19221925608173648       0.19704043157067019        0.0000000000000000     
   1.6201701800793498      -1.03562317596428248E-002  0.19293066566938560       0.19774433200803687        0.0000000000000000     
   1.6284031401725958      -1.03504140657266312E-002  0.19364508143314049       0.19845122837933407        0.0000000000000000     
   1.6366898992023537      -1.03456822389864801E-002  0.19436251983617495       0.19916113690534765        0.0000000000000000     
   1.6450309800190355      -1.03420463573419014E-002  0.19508298418790224       0.19987406032794103        0.0000000000000000     
   1.6534269118890954      -1.03395163230531814E-002  0.19580651168304161       0.20059003610683093        0.0000000000000000     
   1.6618782305884081      -1.03380994882721275E-002  0.19653312049399721       0.20130908220441160        0.0000000000000000     
   1.6703854784972416      -1.03378095583304529E-002  0.19726281327192266       0.20203120068380431        0.0000000000000000     
   1.6789492046968546      -1.03386663531922912E-002  0.19799564558818744       0.20275644780596852        0.0000000000000000     
   1.6875699650677596      -1.03406748614823379E-002  0.19873163557492601       0.20348484147535884        0.0000000000000000     
   1.6962483223896718      -1.03438484033759204E-002  0.19947078624415590       0.20421638411400905        0.0000000000000000     
   1.7049848464431796      -1.03482079006858955E-002  0.20021311758963017       0.20495109553266355        0.0000000000000000     
   1.7137801141131863      -1.03537593540834975E-002  0.20095868542000975       0.20568903219655968        0.0000000000000000     
   1.7226347094941314      -1.03605165281273181E-002  0.20170747534085498       0.20643017870278152        0.0000000000000000     
   1.7315492239970482      -1.03685004128231829E-002  0.20245954256997342       0.20717459089578424        0.0000000000000000     
   1.7405242564584857      -1.03777194184142864E-002  0.20321488979456589       0.20792227085178591        0.0000000000000000     
   1.7495604132513374      -1.03881790998426125E-002  0.20397355702561670       0.20867325883622015        0.0000000000000000     
   1.7586583083975982      -1.03999011490619429E-002  0.20473556384175873       0.20942757420094110        0.0000000000000000     
   1.7678185636831134      -1.04129016489842123E-002  0.20550091471868839       0.21018522084782601        0.0000000000000000     
   1.7770418087743460      -1.04271932521842210E-002  0.20626966513940015       0.21094625484717200        0.0000000000000000     
   1.7863286813371935      -1.04427969914866661E-002  0.20704180146507237       0.21171066156853069        0.0000000000000000     
   1.7956798271579171      -1.04597194365297283E-002  0.20781740167658497       0.21247852006967152        0.0000000000000000     
   1.8050959002662119      -1.04779749525431374E-002  0.20859644931426546       0.21324981283019687        0.0000000000000000     
   1.8145775630604608      -1.04975834611363179E-002  0.20937898433400853       0.21402458001199928        0.0000000000000000     
   1.8241254864352243      -1.05185602864007761E-002  0.21016502893082425       0.21480284361195667        0.0000000000000000     
   1.8337403499110090      -1.05409180805958649E-002  0.21095460719220582       0.21558462755741703        0.0000000000000000     
   1.8434228417663521      -1.05646761641560952E-002  0.21174775772117735       0.21636997060373267        0.0000000000000000     
   1.8531736591722892      -1.05898474793090502E-002  0.21254448607236229       0.21715887772916992        0.0000000000000000     
   1.8629935083292319      -1.06164521089440952E-002  0.21334485083075583       0.21795140809196764        0.0000000000000000     
   1.8728831046063246      -1.06445069613865899E-002  0.21414883825079339       0.21874754694613793        0.0000000000000000     
   1.8828431726833141      -1.06740257672770893E-002  0.21495651035198426       0.21954735694263025        0.0000000000000000     
   1.8928744466949987      -1.07050286749551977E-002  0.21576786984363466       0.22035084014066858        0.0000000000000000     
   1.9029776703783021      -1.07375298578759933E-002  0.21658296026426457       0.22115804029725608        0.0000000000000000     
   1.9131535972220253      -1.07715504594236029E-002  0.21740180474628898       0.22196898032173734        0.0000000000000000     
   1.9234029906193482      -1.08071078643370757E-002  0.21822442621050758       0.22278368290414230        0.0000000000000000     
   1.9337266240231041      -1.08442150221297572E-002  0.21905085021003662       0.22360217341839692        0.0000000000000000     
   1.9441252811039356      -1.08828903499052099E-002  0.21988112040329763       0.22442449571358586        0.0000000000000000     
   1.9545997559113368      -1.09231574913353415E-002  0.22071525991500984       0.22525067267070578        0.0000000000000000     
   1.9651508530376876      -1.09650338700193802E-002  0.22155329314634611       0.22608072847034322        0.0000000000000000     
   1.9757793877853207      -1.10085452156751668E-002  0.22239526281745875       0.22691470598087551        0.0000000000000000     
   1.9864861863366925      -1.10537018865746097E-002  0.22324117680658631       0.22775261251299272        0.0000000000000000     
   1.9972720859277107      -1.11005201347538184E-002  0.22409106043761418       0.22859447317778503        0.0000000000000000     

   2.0081379350243234      -1.11490329697075934E-002  0.22494497592895146       0.22944035071452126        0.0000000000000000     
   2.0190845935023800      -1.11992565588164041E-002  0.22580292979042724       0.23029025102675538        0.0000000000000000     
   2.0301129328308942      -1.12512021907921009E-002  0.22666496811388717       0.23114422038721055        0.0000000000000000     
   2.0412238362587392      -1.13048983399706929E-002  0.22753109529250073       0.23200226253792955        0.0000000000000000     
   2.0524181990048773      -1.13603677468450473E-002  0.22840135967260358       0.23286442603895810        0.0000000000000000     
   2.0636969284521758      -1.14176284014681634E-002  0.22927580598921973       0.23373075575549151        0.0000000000000000     
   2.0750609443449064      -1.14767041889218390E-002  0.23015444001501054       0.23460125682595023        0.0000000000000000     
   2.0865111789900008      -1.15376129861270282E-002  0.23103732836721300       0.23547599640780645        0.0000000000000000     
   2.0980485774621438      -1.16003776160689860E-002  0.23192445739536485       0.23635495983653482        0.0000000000000000     
   2.1096740978127815      -1.16650256195808960E-002  0.23281587559623856       0.23723819578940705        0.0000000000000000     
   2.1213887112831515      -1.17315797579301846E-002  0.23371165067919544       0.23812577250632708        0.0000000000000000     
   2.1331934025213943      -1.18000558392059307E-002  0.23461176854044971       0.23901767485671527        0.0000000000000000     
   2.1450891698038554      -1.18704869072084850E-002  0.23551627583278731       0.23991394961540086        0.0000000000000000     
   2.1570770252606764      -1.19429000450199455E-002  0.23642522123196691       0.24081464560609092        0.0000000000000000     
   2.1691579951057367      -1.20173053733928885E-002  0.23733863549284293       0.24171979338841859        0.0000000000000000     
   2.1813331198710881      -1.20937311816084626E-002  0.23825654297294702       0.24262941700267415        0.0000000000000000     
   2.1936034546459400      -1.21722082220630211E-002  0.23917897293957258       0.24354354548668708        0.0000000000000000     
   2.2059700693203381      -1.22527598437385307E-002  0.24010597510967299       0.24446222869515050        0.0000000000000000     
   2.2184340488335912      -1.23354148751938005E-002  0.24103755826375917       0.24538547479559303        0.0000000000000000     
   2.2309964934276101      -1.24201958311998800E-002  0.24197379391236978       0.24631335581552097        0.0000000000000000     
   2.2436585189052165      -1.25071326203271393E-002  0.24291470792479908       0.24724589730628249        0.0000000000000000     
   2.2564212568935771      -1.25962455065298882E-002  0.24386033153853567       0.24818313028060340        0.0000000000000000     
   2.2692858551128419      -1.26875595013181512E-002  0.24481069309751669       0.24912508280254170        0.0000000000000000     
   2.2822534776501380      -1.27811165038749924E-002  0.24576582308128381       0.25007178510633432        0.0000000000000000     
   2.2953253052390132      -1.28769366221294559E-002  0.24672579471312131       0.25102331091084001        0.0000000000000000     
   2.3085025355444766      -1.29750476801882616E-002  0.24769059437939919       0.25197964557332525        0.0000000000000000     
   2.3217863834537482      -1.30754824048341396E-002  0.24866029563681222       0.25294086313653413        0.0000000000000000     
   2.3351780813728520      -1.31782653701445988E-002  0.24963493029795716       0.25390699516390230        0.0000000000000000     
   2.3486788795291949      -1.32834257980119341E-002  0.25061454986532694       0.25487809323999377        0.0000000000000000     
   2.3622900462802630      -1.33909956326300188E-002  0.25159916094303203       0.25585416328011001        0.0000000000000000     
   2.3760128684285755      -1.35010104508171379E-002  0.25258879773395981       0.25683523926889423        0.0000000000000000     
   2.3898486515430499      -1.36134994257690375E-002  0.25358355653431880       0.25782141831757149        0.0000000000000000     
   2.4037987202869115      -1.37284841314281557E-002  0.25458340452599132       0.25881266624910165        0.0000000000000000     
   2.4178644187523299      -1.38460006597894390E-002  0.25558843929484965       0.25980908146630161        0.0000000000000000     
   2.4320471108018995      -1.39660869499733647E-002  0.25659866967085077       0.26081067212999431        0.0000000000000000     
   2.4463481804171638      -1.40887710941088838E-002  0.25761415044305525       0.26181749311605584        0.0000000000000000     
   2.4607690320543218      -1.42140990071901591E-002  0.25863491282852691       0.26282957533412132        0.0000000000000000     
   2.4753110910073053      -1.43420953238721227E-002  0.25966101326426727       0.26384697531776191        0.0000000000000000     
   2.4899758037783868      -1.44727901239211573E-002  0.26069248334329070       0.26486972434617728        0.0000000000000000     
   2.5047646384565092      -1.46062297399815466E-002  0.26172935666695557       0.26589785573640767        0.0000000000000000     
   2.5196790851035082      -1.47424363334732172E-002  0.26277166984423028       0.26693140585753539        0.0000000000000000     
   2.5347206561484401      -1.48814503682189892E-002  0.26381949838218921       0.26797045058453106        0.0000000000000000     
   2.5498908867901759      -1.50233131534313787E-002  0.26487285466312871       0.26901500166137948        0.0000000000000000     
   2.5651913354084925      -1.51680533949007101E-002  0.26593179717544363       0.27006511766007912        0.0000000000000000     
   2.5806235839838392      -1.53157180636616565E-002  0.26699638008344229       0.27112085274951947        0.0000000000000000     
   2.5961892385260237      -1.54663422042398031E-002  0.26806661613847155       0.27218221903941275        0.0000000000000000     
   2.6118899295119848      -1.56199640046538399E-002  0.26914258609493630       0.27324929768555062        0.0000000000000000     
   2.6277273123329286      -1.57766263403964838E-002  0.27022429973501999       0.27432209777507932        0.0000000000000000     
   2.6437030677510105      -1.59363600205357503E-002  0.27131182152977179       0.27540068391490130        0.0000000000000000     
   2.6598189023658376      -1.60992114109355620E-002  0.27240520608625207       0.27648511068646736        0.0000000000000000     
   2.6760765490909848      -1.62652286328041282E-002  0.27350446476227774       0.27757538876839150        0.0000000000000000     
   2.6924777676408285      -1.64344470443981878E-002  0.27460970661458728       0.27867162798967376        0.0000000000000000     
   2.7090243450278937      -1.66069054931966310E-002  0.27572091777686053       0.27977381341964214        0.0000000000000000     
   2.7257180960710419      -1.67826465243297446E-002  0.27683816185742854       0.28088200874982061        0.0000000000000000     
   2.7425608639146946      -1.69617116341240423E-002  0.27796149798992048       0.28199627311945230        0.0000000000000000     
   2.7595545205594352      -1.71441566688584138E-002  0.27909096146170553       0.28311664146675636        0.0000000000000000     
   2.7767009674042384      -1.73300262681123432E-002  0.28022664056643887       0.28424320249404739        0.0000000000000000     
   2.7940021358006137      -1.75193505471019639E-002  0.28136852381127103       0.28537594367484598        0.0000000000000000     
   2.8114599876190032      -1.77121906846514944E-002  0.28251669405746288       0.28651494818736473        0.0000000000000000     
   2.8290765158276869      -1.79085936788228005E-002  0.28367121324176509       0.28766027797229021        0.0000000000000000     
   2.8468537450845712      -1.81085914343772601E-002  0.28483209766449236       0.28881194868520155        0.0000000000000000     
   2.8647937323421404      -1.83122482594066070E-002  0.28599941073906782       0.28997002375435016        0.0000000000000000     
   2.8828985674659369      -1.85196115879563590E-002  0.28717324082461682       0.29113459188653690        0.0000000000000000     
   2.9011703738669041      -1.87307306822935178E-002  0.28835357407569395       0.29230563816329380        0.0000000000000000     
   2.9196113091479590      -1.89456537311451893E-002  0.28954052411971670       0.29348327689131298        0.0000000000000000     
   2.9382235657651323      -1.91644283394737797E-002  0.29073408236470066       0.29466749847586554        0.0000000000000000     
   2.9570093717037080      -1.93871195240633634E-002  0.29193436423283731       0.29585841901808269        0.0000000000000000     
   2.9759709911696848      -1.96137739832085607E-002  0.29314137974893240       0.29705604778556438        0.0000000000000000     
   2.9951107252970148      -1.98444400713551870E-002  0.29435520007234756       0.29826045599995077        0.0000000000000000     
   3.0144309128709925      -2.00791816873964989E-002  0.29557588747749675       0.29947170586803584        0.0000000000000000     
   3.0339339310682529      -2.03180434506840119E-002  0.29680348019770525       0.30068983523121912        0.0000000000000000     
   3.0536221962137651      -2.05610841676377408E-002  0.29803802340185187       0.30191488895561863        0.0000000000000000     
   3.0734981645553328      -2.08083738020591741E-002  0.29927960765059958       0.30314695788236995        0.0000000000000000     
   3.0935643330560123      -2.10599651511068700E-002  0.30052827282031641       0.30438608149897606        0.0000000000000000     
   3.1138232402049524      -2.13159157570916823E-002  0.30178405982689271       0.30563230034452937        0.0000000000000000     
   3.1342774668471298      -2.15762807068705896E-002  0.30304703953035134       0.30688568528011917        0.0000000000000000     
   3.1549296370325037      -2.18411240354005227E-002  0.30431727816310444       0.30814630246955704        0.0000000000000000     
   3.1757824188851047      -2.21105079136061887E-002  0.30559481958458778       0.30941419541438003        0.0000000000000000     
   3.1968385254925664      -2.23844931179108461E-002  0.30687973338543983       0.31068943366478202        0.0000000000000000     
   3.2181007158167048      -2.26631500186318842E-002  0.30817208533476331       0.31197208289183914        0.0000000000000000     
   3.2395717956256704      -2.29465441349266559E-002  0.30947191507719024       0.31326218231321046        0.0000000000000000     
   3.2612546184482811      -2.32347422326253765E-002  0.31077929372795438       0.31455980299985209        0.0000000000000000     
   3.2831520865511217      -2.35278107129742245E-002  0.31209426667050155       0.31586498996961632        0.0000000000000000     
   3.3052671519390806      -2.38258093830324771E-002  0.31341690659575649       0.31717781587376714        0.0000000000000000     
   3.3276028173798959      -2.41288077075555440E-002  0.31474728371793315       0.31849835084676154        0.0000000000000000     
   3.3501621374534336      -2.44368870674217600E-002  0.31608544160818786       0.31982663805508965        0.0000000000000000     
   3.3729482196263518      -2.47501093939833695E-002  0.31743148201970739       0.32116277953049394        0.0000000000000000     
   3.3959642253528637      -2.50685496645589520E-002  0.31878541554963913       0.32250678506512404        0.0000000000000000     
   3.4192133712023285      -2.53922928296631684E-002  0.32014734153816043       0.32385875423325139        0.0000000000000000     
   3.4426989300143997      -2.57214015763112813E-002  0.32151730913864252       0.32521873582634020        0.0000000000000000     
   3.4664242320825593      -2.60559487237053827E-002  0.32289539126978767       0.32658680267102347        0.0000000000000000     
   3.4903926663667497      -2.63960195112786303E-002  0.32428166001424380       0.32796302673908106        0.0000000000000000     
   3.5146076817359964      -2.67416944582496256E-002  0.32567616090565288       0.32934745314517133        0.0000000000000000     
   3.5390727882418691      -2.70930478330055971E-002  0.32707896604045245       0.33074015386386796        0.0000000000000000     
   3.5637915584235955      -2.74501639866413794E-002  0.32849015357084937       0.33214120698434624        0.0000000000000000     
   3.5887676286458090      -2.78131183089648827E-002  0.32990977123998722       0.33355065984094751        0.0000000000000000     
   3.6140047004698017      -2.81819968383980081E-002  0.33133791716392624       0.33496861069247602        0.0000000000000000     
   3.6395065420593000      -2.85568922827565616E-002  0.33277463717307937       0.33639510492722308        0.0000000000000000     
   3.6652769896217237      -2.89378917419592582E-002  0.33421998252395296       0.33783019341870968        0.0000000000000000     
   3.6913199488859392      -2.93250764551967018E-002  0.33567408713544328       0.33927401058832507        0.0000000000000000     
   3.7176393966176464      -2.97185330613991723E-002  0.33713693862472405       0.34072654297161892        0.0000000000000000     
   3.7442393821733937      -3.01183589578393369E-002  0.33860867487537322       0.34218792897789374        0.0000000000000000     
   3.7711240290944303      -3.05246450444811475E-002  0.34008934351041387       0.34365821578161410        0.0000000000000000     
   3.7982975367415377      -3.09374896755596276E-002  0.34157901423139991       0.34513747286661484        0.0000000000000000     
   3.8257641819720316      -3.13569804853110826E-002  0.34307774403225394       0.34662575687193703        0.0000000000000000     
   3.8535283208602165      -3.17832124721198830E-002  0.34458563943845538       0.34812317447497021        0.0000000000000000     
   3.8815943904625647      -3.22162892135653758E-002  0.34610274562775495       0.34962977036372445        0.0000000000000000     
   3.9099669106289712      -3.26563036019969985E-002  0.34762914515580939       0.35114562698446755        0.0000000000000000     
   3.9386504858614013      -3.31033697062304844E-002  0.34916491366876790       0.35267081979577780        0.0000000000000000     
   3.9676498072214725      -3.35575933620062411E-002  0.35071012923116951       0.35420542669221289        0.0000000000000000     
   3.9969696542883209      -3.40190730126860644E-002  0.35226484396441998       0.35574949936154687        0.0000000000000000     
   4.0266148971683489      -3.44879118357225706E-002  0.35382920214819591       0.35730318255552929        0.0000000000000000     
   4.0565904985584362      -3.49642203971175930E-002  0.35540318507214952       0.35886645642148879        0.0000000000000000     
   4.0869015158641764      -3.54481133746793187E-002  0.35698694493633065       0.36043947369217499        0.0000000000000000     
   4.1175531033748927      -3.59396961177744848E-002  0.35858052856997347       0.36202228069025211        0.0000000000000000     
   4.1485505144971775      -3.64390785463838685E-002  0.36018401809326905       0.36361495936870869        0.0000000000000000     
   4.1798991040486850      -3.69463885300212250E-002  0.36179748894957892       0.36521758493369166        0.0000000000000000     
   4.2116043306141426      -3.74617454338655800E-002  0.36342105512149692       0.36683027148737607        0.0000000000000000     
   4.2436717589654682      -3.79852558800005749E-002  0.36505474081765077       0.36845304250665800        0.0000000000000000     
   4.2761070625479443      -3.85170460685091767E-002  0.36669863108999068       0.37008598288421846        0.0000000000000000     
   4.3089160260346375      -3.90572476334151014E-002  0.36835286507376869       0.37172923208491188        0.0000000000000000     
   4.3421045479511235      -3.96059796488986496E-002  0.37001747036643379       0.37338281699935583        0.0000000000000000     
   4.3756786433727273      -4.01633822717329808E-002  0.37169255595378264       0.37504684665096022        0.0000000000000000     
   4.4096444466966593      -4.07295758913202230E-002  0.37337817813297147       0.37672137688983165        0.0000000000000000     
   4.4440082144913520      -4.13046909460466280E-002  0.37507448195614385       0.37840655311174431        0.0000000000000000     
   4.4787763284254964      -4.18888812338390551E-002  0.37678145393697970       0.38010236075422182        0.0000000000000000     
   4.5139552982793685      -4.24822603766489698E-002  0.37849925321767491       0.38180895941491244        0.0000000000000000     
   4.5495517650410200      -4.30849715537540423E-002  0.38022795564244105       0.38352642464506814        0.0000000000000000     
   4.5855725040901483      -4.36971593467424743E-002  0.38196761989144518       0.38525481468182837        0.0000000000000000     
   4.6220244284725061      -4.43189641924139482E-002  0.38371836034003737       0.38699424393557524        0.0000000000000000     
   4.6589145922676600      -4.49505463237462738E-002  0.38548023040727131       0.38874476533166291        0.0000000000000000     
   4.6962501940534027      -4.55920494237396431E-002  0.38725335337183403       0.39050650224637751        0.0000000000000000     
   4.7340385804697513      -4.62436250172472141E-002  0.38903780852508452       0.39227953368776114        0.0000000000000000     
   4.7722872498859843      -4.69054260906855910E-002  0.39083365479854365       0.39406391813360259        0.0000000000000000     
   4.8110038561740591      -4.75776036764965354E-002  0.39264098324583008       0.39585974645068434        0.0000000000000000     
   4.8501962125919471      -4.82603268912421141E-002  0.39445994282997465       0.39766716788116246        0.0000000000000000     
   4.8898722957806440      -4.89537642175681617E-002  0.39629054648842132       0.39948619452461814        0.0000000000000000     
   4.9300402498785418      -4.96580732612325743E-002  0.39813293138045303       0.40131696371243103        0.0000000000000000     
   4.9707083907572800      -5.03734148452234798E-002  0.39998717716050691       0.40315955479869803        0.0000000000000000     
   5.0118852103829754      -5.10999651563618790E-002  0.40185334215760987       0.40501402564357275        0.0000000000000000     
   5.0535793813073546      -5.18379021358945438E-002  0.40373158226784467       0.40688053244027272        0.0000000000000000     
   5.0957997612929979      -5.25873994179735030E-002  0.40562195203762158       0.40875912922815588        0.0000000000000000     
   5.1385553980774308      -5.33486294537054082E-002  0.40752450441283061       0.41064986844028845        0.0000000000000000     
   5.1818555342807704      -5.41217894746079467E-002  0.40943940036347543       0.41255291136237504        0.0000000000000000     
   5.2257096124619560      -5.49070735638285956E-002  0.41136672546162156       0.41446834329303639        0.0000000000000000     
   5.2701272803286683      -5.57046574662323629E-002  0.41330653693043667       0.41639622096924378        0.0000000000000000     
   5.3151183961063442      -5.65147385491000381E-002  0.41525892811494380       0.41833663752421218        0.0000000000000000     
   5.3606930340718542      -5.73375130826137211E-002  0.41722402251355895       0.42028971646374069        0.0000000000000000     
   5.4068614902575680      -5.81731806111349947E-002  0.41920187096416961       0.42225550809405393        0.0000000000000000     
   5.4536342883319824      -5.90219361003017015E-002  0.42119261355545351       0.42423415262561565        0.0000000000000000     
   5.5010221856630421      -5.98839928953719819E-002  0.42319632704261839       0.42622572646870072        0.0000000000000000     
   5.5490361795707628      -6.07595665706438040E-002  0.42521310965751491       0.42823032766551955        0.0000000000000000     
   5.5976875137757798      -6.16488713555112672E-002  0.42724304870469265       0.43024804325188915        0.0000000000000000     
   5.6469876850512266      -6.25521404804088715E-002  0.42928623428334561       0.43227896307850855        0.0000000000000000     
   5.6969484500847916      -6.34695655655612423E-002  0.43134277201627302       0.43432319262725777        0.0000000000000000     
   5.7475818325590966      -6.44013875028997262E-002  0.43341276979613691       0.43638083966217511        0.0000000000000000     
   5.7989001304579766      -6.53478426867123291E-002  0.43549629865518863       0.43845197483321496        0.0000000000000000     
   5.8509159236071113      -6.63091451617067174E-002  0.43759344743537082       0.44053668672559732        0.0000000000000000     
   5.9036420814577033      -6.72855539171858114E-002  0.43970437827418485       0.44263513771030705        0.0000000000000000     
   5.9570917711220135      -6.82773194270507866E-002  0.44182909988093827       0.44474733570097380        0.0000000000000000     
   6.0112784656702338      -6.92846758032417409E-002  0.44396772860768535       0.44687339698004092        0.0000000000000000     
   6.0662159526984460      -7.03078661280034933E-002  0.44612041938225044       0.44901347665171798        0.0000000000000000     
   6.1219183431778159      -7.13471537330327560E-002  0.44828718763627001       0.45116758941468704        0.0000000000000000     
   6.1784000805956385      -7.24027994887227883E-002  0.45046817324528743       0.45333587522425023        0.0000000000000000     
   6.2356759503992318      -7.34750882559971480E-002  0.45266349547055235       0.45551845328257001        0.0000000000000000     
   6.2937610897542653      -7.45642862829483249E-002  0.45487317205057287       0.45771534063113434        0.0000000000000000     
   6.3526709976295637      -7.56706457571695024E-002  0.45709738516222836       0.45992671978813587        0.0000000000000000     
   6.4124215452208349      -7.67944443143170064E-002  0.45933614950505158       0.46215260474979075        0.0000000000000000     
   6.4730289867264794      -7.79359802339118501E-002  0.46158963316631918       0.46439316385327339        0.0000000000000000     
   6.5345099704891263      -7.90955574726486949E-002  0.46385787885067248       0.46664843928509042        0.0000000000000000     
   6.5968815505171081      -8.02734626796984679E-002  0.46614099113685059       0.46891853549005108        0.0000000000000000     
   6.6601611984007976      -8.14699875209336233E-002  0.46843907186795536       0.47120355416269960        0.0000000000000000     
   6.7243668156394047      -8.26854545861778756E-002  0.47075223785388309       0.47350361205428843        0.0000000000000000     
   6.7895167463942654      -8.39201715374632562E-002  0.47308051095064102       0.47581873041192613        0.0000000000000000     
   6.8556297906858470      -8.51744546910846584E-002  0.47542406408655352       0.47814908244200949        0.0000000000000000     
   6.9227252180519763      -8.64486316167109303E-002  0.47778290694121217       0.48049467716292504        0.0000000000000000     
   6.9908227816859201      -8.77430179035471325E-002  0.48015719025985604       0.48285566547566666        0.0000000000000000     
   7.0599427330736955      -8.90579632148481154E-002  0.48254699615910812       0.48523212926363712        0.0000000000000000     
   7.1301058371506940      -9.03938028809997546E-002  0.48495237563980836       0.48762411913152209        0.0000000000000000     
   7.2013333879991031      -9.17508873698395233E-002  0.48737346141481158       0.49003176785727787        0.0000000000000000     
   7.2736472251078963      -9.31295794439586794E-002  0.48981030671766679       0.49245512830824911        0.0000000000000000     
   7.3470697502188571      -9.45302347350501504E-002  0.49226297303232652       0.49489426166181383        0.0000000000000000     
   7.4216239447828078      -9.59532344906864482E-002  0.49473162787670172       0.49734933570425671        0.0000000000000000     
   7.4973333880513406      -9.73989492227687326E-002  0.49721628160503223       0.49982036022632531        0.0000000000000000     
   7.5742222758307980      -9.88677456648927450E-002  0.49971699967120414       0.50230740042944133        0.0000000000000000     
   7.6523154399262214      -0.10036001858639897       0.50223395682674676       0.50481063138711713        0.0000000000000000     
   7.7316383683044636      -0.10187616511699084       0.50476714286917568       0.50733004227048017        0.0000000000000000     
   7.8122172260070872      -0.10341660302912876       0.50731666232277628       0.50986573758413034        0.0000000000000000     
   7.8940788768449508      -0.10498173091162429       0.50988257086528699       0.51241777274939337        0.0000000000000000     
   7.9772509059082974      -0.10657196110187860       0.51246496062041302       0.51498623982952429        0.0000000000000000     
   8.0617616429272001      -0.10818773493742297       0.51506387632299666       0.51757118327747709        0.0000000000000000     
   8.1476401865196895      -0.10982947981477016       0.51767946189156355       0.52017274722689988        0.0000000000000000     
   8.2349164293659509      -0.11149764059814479       0.52031166936624484       0.52279088301783283        0.0000000000000000     
   8.3236210843494796      -0.11319267414004276       0.52296063816172678       0.52542573028682371        0.0000000000000000     
   8.4137857117079076      -0.11491502893102308       0.52562641977041880       0.52807734033866194        0.0000000000000000     
   8.5054427472379803      -0.11666518595615380       0.52830900783089751       0.53074570637614604        0.0000000000000000     
   8.5986255316021172      -0.11844361951225722       0.53100855928955437       0.53343098568537628        0.0000000000000000     
   8.6933683407858133      -0.12025080891617020       0.53372505351789457       0.53613315717416321        0.0000000000000000     
   8.7897064177577402      -0.12208726529373960       0.53645850942677986       0.53885223949970407        0.0000000000000000     
   8.8876760053874495      -0.12395346051216766       0.53920906924371714       0.54158837520572300        0.0000000000000000     
   8.9873143806775566      -0.12584991518865296       0.54197671594367480       0.54434154689005276        0.0000000000000000     
   9.0886598903713729      -0.12777718016712347       0.54476144400059978       0.54711174873223789        0.0000000000000000     
   9.1917519879990497      -0.12973577523523835       0.54756336440243214       0.54989909195368558        0.0000000000000000     
   9.2966312724291225      -0.13172622953142540       0.55038246618655118       0.55270356531924203        0.0000000000000000     
   9.4033395279960441      -0.13374910183596350       0.55321879419589637       0.55552521366408181        0.0000000000000000     
   9.5119197662773107      -0.13580498226869503       0.55607232323449574       0.55836401151723658        0.0000000000000000     
   9.6224162695985935      -0.13789441843198436       0.55894307647992469       0.56121998201323597        0.0000000000000000     
   9.7348746363487777      -0.14001798985743166       0.56183109349287830       0.56409316476138183        0.0000000000000000     
   9.8493418281914913      -0.14217630300715528       0.56473636720210163       0.56698355257616029        0.0000000000000000     
   9.9658662192644574      -0.14436995758863591       0.56765887446917662       0.56989112217326232        0.0000000000000000     
   10.084497647462987      -0.14659958574028195       0.57059861807433565       0.57281587632228903        0.0000000000000000     
   10.205287467908773      -0.14886580854192208       0.57355558209439650       0.57575779904732172        0.0000000000000000     
   10.328288608711576      -0.15116928301188287       0.57652976174093273       0.57871688558261647        0.0000000000000000     
   10.453555629136360      -0.15351063714296390       0.57952104843194308       0.58169302701096959        0.0000000000000000     
   10.581144780295658      -0.15589053668834627       0.58252953261410290       0.58468631423074402        0.0000000000000000     
   10.711114068492611      -0.15830969039695625       0.58555503589593849       0.58769656833270334        0.0000000000000000     
   10.843523321348911      -0.16076876899031148       0.58859761545959366       0.59072384689452218        0.0000000000000000     
   10.978434256856980      -0.16326845669162260       0.59165715026741117       0.59376802865803124        0.0000000000000000     
   11.115910555506421      -0.16580947654013956       0.59473356802866917       0.59682904133534809        0.0000000000000000     
   11.256017935641534      -0.16839256677864209       0.59782684948917519       0.59990686590234377        0.0000000000000000     
   11.398824232216349      -0.17101847774086779       0.60093681575711833       0.60300132318206290        0.0000000000000000     
   11.544399479123788      -0.17368794039155827       0.60406341605818714       0.60611236261061330        0.0000000000000000     
   11.692815995284775      -0.17640173500569656       0.60720654433580257       0.60923987819507042        0.0000000000000000     
   11.844148474696082      -0.17916066734866290       0.61036600110296058       0.61238367025098217        0.0000000000000000     
   11.998474080644646      -0.18196550197254407       0.61354181735056379       0.61554377038728725        0.0000000000000000     
   12.155872544312020      -0.18481703976624883       0.61673367321151729       0.61871985824877762        0.0000000000000000     
   12.316426268002399      -0.18771614312541920       0.61994149760369521       0.62191186313901947        0.0000000000000000     
   12.480220433245634      -0.19066366185741293       0.62316505836159786       0.62511955281351494        0.0000000000000000     
   12.647343114038096      -0.19366041852554636       0.62640428820440119       0.62834286048990651        0.0000000000000000     
   12.817885395504323      -0.19670729398657980       0.62965884934086969       0.63158144808873884        0.0000000000000000     
   12.991941498276510      -0.19980516985393607       0.63292857687435922       0.63483515102954768        0.0000000000000000     
   13.169608908909719      -0.20295494039330891       0.63621326734805506       0.63810376611157149        0.0000000000000000     
   13.350988516669746      -0.20615753298237252       0.63951265145499037       0.64138702415117010        0.0000000000000000     
   13.536184757051927      -0.20941388473293074       0.64282647148039673       0.64468466766075616        0.0000000000000000     
   13.725305762411933      -0.21272494428594974       0.64615434444774633       0.64799631360167498        0.0000000000000000     
   13.918463520114720      -0.21609165275278389       0.64949609453775436       0.65132178676180985        0.0000000000000000     
   14.115774038633123      -0.21951500920247091       0.65285135870427813       0.65466072423655342        0.0000000000000000     
   14.317357522055897      -0.22299603581672728       0.65621976223644862       0.65801275150684124        0.0000000000000000     
   14.523338553495924      -0.22653571780893625       0.65960091765436124       0.66137748133315755        0.0000000000000000     
   14.733846287920910      -0.23013504874487969       0.66299445060063888       0.66475453971728837        0.0000000000000000     
   14.949014654963744      -0.23379511479921705       0.66639997983147792       0.66814354583745117        0.0000000000000000     
   15.168982572307028      -0.23751700037627069       0.66981706635301652       0.67154406105381736        0.0000000000000000     
   15.393894170277232      -0.24130173256463863       0.67324518540476030       0.67495556083064756        0.0000000000000000     
   15.623899028326058      -0.24515042323662450       0.67668384494680411       0.67837755353498530        0.0000000000000000     
   15.859152424123263      -0.24906421646123988       0.68013251248374096       0.68180950707260990        0.0000000000000000     
   16.099815596036475      -0.25304422885697342       0.68359073258138037       0.68525096669630681        0.0000000000000000     
   16.346056019825262      -0.25709157418394568       0.68705781695247470       0.68870124433468372        0.0000000000000000     
   16.598047700437263      -0.26120742228264104       0.69053320459113654       0.69215977961608088        0.0000000000000000     
   16.855971479854908      -0.26539296530476508       0.69401615218092494       0.69562582953369634        0.0000000000000000     
   17.120015362010655      -0.26964938400049127       0.69750604744472688       0.69909878254217339        0.0000000000000000     
   17.390374855859331      -0.27397789405402467       0.70100217072866144       0.70257791958020077        0.0000000000000000     
   17.667253337778643      -0.27837971132710493       0.70450370466877110       0.70606242377588391        0.0000000000000000     
   17.950862434550853      -0.28285609585393845       0.70800993365073239       0.70955158035591814        0.0000000000000000     
   18.241422428272418      -0.28740829791623929       0.71151986970077064       0.71304440171496708        0.0000000000000000     
   18.539162684639720      -0.29203757612560932       0.71503267775215373       0.71654005362370365        0.0000000000000000     
   18.844322106163691      -0.29674520153505157       0.71854738193585088       0.72003756088144266        0.0000000000000000     
   19.157149611988167      -0.30153246627078473       0.72206308777040840       0.72353602998086841        0.0000000000000000     
   19.477904646109451      -0.30640069614520471       0.72557866914463121       0.72703433544632412        0.0000000000000000     
   19.806857715935998      -0.31135120802595306       0.72909310260848914       0.73053145482043036        0.0000000000000000     
   20.144290963276273      -0.31638534001631635       0.73260515826855643       0.73402615893983414        0.0000000000000000     
   20.490498770004567      -0.32150438408616661       0.73611366944872991       0.73751728214119683        0.0000000000000000     
   20.845788400833285      -0.32670971982719943       0.73961729851210523       0.74100348763045787        0.0000000000000000     
   21.210480685813810      -0.33200273426317756       0.74311481163008863       0.74448354278241635        0.0000000000000000     
   21.584910745395209      -0.33738474619664161       0.74660472840662762       0.74795596811048659        0.0000000000000000     
   21.969428761102510      -0.34285710198918368       0.75008557501464068       0.75141929088894388        0.0000000000000000     
   22.364400795143759      -0.34842120503798640       0.75355584063597203       0.75487200151163913        0.0000000000000000     
   22.770209662529350      -0.35407842127200762       0.75701395728072141       0.75831253327837311        0.0000000000000000     
   23.187255859583363      -0.35983013263822600       0.76045809818312171       0.76173906045580320        0.0000000000000000     
   23.615958553052355      -0.36567768227887237       0.76388655907801450       0.76514988021975872        0.0000000000000000     
   24.056756634377052      -0.37162241982548688       0.76729749300958205       0.76854314700974558        0.0000000000000000     
   24.510109844074719      -0.37766574553603460       0.77068885002382681       0.77191681214204055        0.0000000000000000     
   24.976499971616793      -0.38380897576253409       0.77405865613213332       0.77526890323451558        0.0000000000000000     
   25.456432136647898      -0.39005343168274409       0.77740472242015146       0.77859723285234272        0.0000000000000000     
   25.950436157910485      -0.39640043151061283       0.78072481356189238       0.78189956730157062        0.0000000000000000     
   26.459068016804558      -0.40285126029300816       0.78401651910973535       0.78517349772978273        0.0000000000000000     
   26.982911423135125      -0.40940719920328100       0.78727739412837339       0.78841658098240563        0.0000000000000000     
   27.522579491280716      -0.41606947283138324       0.79050482736681116       0.79162620758583868        0.0000000000000000     
   28.078716535774721      -0.42283924819660956       0.79369608422347937       0.79479964478884979        0.0000000000000000     
   28.651999996124413      -0.42971769070990895       0.79684836028158990       0.79793409018072781        0.0000000000000000     
   29.243142501602041      -0.43670590906559736       0.79995863144614476       0.80102652163017740        0.0000000000000000     
   29.852894087771819      -0.44380497457130841       0.80302379251993727       0.80407383606463856        0.0000000000000000     
   30.482044577622549      -0.45101587855102249       0.80604054363862510       0.80707273576238314        0.0000000000000000     
   31.131426141431934      -0.45833953301210945       0.80900551089810246       0.81001984914843050        0.0000000000000000     
   31.801916050860271      -0.46577677249414534       0.81191505349021931       0.81291153769406321        0.0000000000000000     
   32.494439644296619      -0.47332836373085296       0.81476544818614338       0.81574408064722914        0.0000000000000000     
   33.209973522186800      -0.48099496978905726       0.81755278396765929       0.81851356954042431        0.0000000000000000     
   33.949548992950376      -0.48877712546293589       0.82027290897863958       0.82121585509474948        0.0000000000000000     
   34.714255792205670      -0.49667528347083717       0.82292156797964100       0.82384668484853008        0.0000000000000000     
   35.505246100356921      -0.50468972929336609       0.82549420883689451       0.82640150943485435        0.0000000000000000     
   36.323738886214777      -0.51282057517784430       0.82798616146296811       0.82887566173926419        0.0000000000000000     
   37.171024607243794      -0.52106780562385857       0.83039256041265841       0.83126427941598224        0.0000000000000000     
   38.048470300296096      -0.52943123138715509       0.83270819932612694       0.83356215919224319        0.0000000000000000     
   38.957525100352633      -0.53791043535281735       0.83492767436869109       0.83576390047882509        0.0000000000000000     
   39.899726228890607      -0.54650477853917856       0.83704546181481954       0.83786398303855392        0.0000000000000000     
   40.876705498123556      -0.55521340369217131       0.83905559724849199       0.83985644587919239        0.0000000000000000     
   41.890196382523079      -0.56403514021096690       0.84095194688235375       0.84173515886057748        0.0000000000000000     
   42.942041714884375      -0.57296852298949830       0.84272815468518802       0.84349376977649271        0.0000000000000000     
   44.034202070783152      -0.58201181754723053       0.84437749499110237       0.84512555684094748        0.0000000000000000     
   45.168764912691401      -0.59116289183368387       0.84589296241992418       0.84662351870937180        0.0000000000000000     
   46.347954573462431      -0.60041922789857993       0.84726724254238084       0.84798034513078213        0.0000000000000000     
   47.574143168385888      -0.60977786787763022       0.84849275272904556       0.84918845784388530        0.0000000000000000     
   48.849862535866777      -0.61923538727500893       0.84956147455100683       0.85023984285188592        0.0000000000000000     
   50.177817319038837      -0.62878787296892591       0.85046516089954394       0.85112625772770967        0.0000000000000000     
   51.560899314633268      -0.63843083748870522       0.85119520473430066       0.85183910026395893        0.0000000000000000     
   53.002203231364852      -0.64815918598422118       0.85174246361105710       0.85236923288515998        0.0000000000000000     
   54.505044018326757      -0.65796713994637035       0.85209759688173148       0.85270732011893102        0.0000000000000000     
   56.072975944735248      -0.66784821096043556       0.85225087388679210       0.85284363664881402        0.0000000000000000     
   57.709813636283577      -0.67779511918050839       0.85219207419629539       0.85276796749980543        0.0000000000000000     
   59.419655300805601      -0.68779969216133419       0.85191062315281019       0.85246974369018558        0.0000000000000000     
   61.206908407588870      -0.69785280167960595       0.85139535992491189       0.85193781014208492        0.0000000000000000     
   63.076318121106738      -0.70794430450274914       0.85063504855205085       0.85116093706754481        0.0000000000000000     
   65.032998832058979      -0.71806295265231290       0.84961761485614606       0.85012705639772601        0.0000000000000000     
   67.082469177412335      -0.72819618682645659       0.84833080393092430       0.84882391969921911        0.0000000000000000     
   69.230690997728331      -0.73833011183897679       0.84676187068990294       0.84723878852960088        0.0000000000000000     
   71.484112745934695      -0.74844935376040100       0.84489753905159426       0.84535839360894549        0.0000000000000000     
   73.849717938475465      -0.75853688073460401       0.84272398060177889       0.84316891348086598        0.0000000000000000     
   76.335079329506883      -0.76857394113002442       0.84022722486412293       0.84065638500227546        0.0000000000000000     
   78.948419593982152      -0.77853973983543423       0.83739242795503122       0.83780597160958159        0.0000000000000000     
   81.698679428929495      -0.78841133612335901       0.83420465371043628       0.83460274485095776        0.0000000000000000     
   84.595594127690120      -0.79816349195259906       0.83064833552119433       0.83103114593883631        0.0000000000000000     
   87.649779853699073      -0.80776831076492606       0.82670757371756709       0.82707528327460300        0.0000000000000000     
   90.872831043732063      -0.81719498462847540       0.82236595017357450       0.82271874695517344        0.0000000000000000     
   94.277430612236273      -0.82640955741388467       0.81760669544070086       0.81794477597049786        0.0000000000000000     
   97.877474916151542      -0.83537451690623743       0.81241278795099647       0.81273635742591377        0.0000000000000000     
   101.68821578362177      -0.84404853224842613       0.80676678560252035       0.80707605803383886        0.0000000000000000     
   105.72642232241711      -0.85238601911963596       0.80065107050950723       0.80094626893622822        0.0000000000000000     
   110.01056572002561      -0.86033657915763018       0.79404779789602875       0.79432915454278163        0.0000000000000000     
   114.56103084618560      -0.86784451482229075       0.78693887590990486       0.78720663230346921        0.0000000000000000     
   119.40035919439121      -0.87484826684002193       0.77930636216008209       0.77956076934124474        0.0000000000000000     
   124.55352858112964      -0.88127979847159832       0.77113226856914585       0.77137358718150606        0.0000000000000000     
   130.04827609911294      -0.88706377642470124       0.76239886705895277       0.76262736748088922        0.0000000000000000     
   135.91547214140309      -0.89211670717521874       0.75308852522275860       0.75330448758381785        0.0000000000000000     
   142.18955493920521      -0.89634599296333772       0.74318431165613885       0.74338802596239029        0.0000000000000000     
   148.90903706670912      -0.89964889269472992       0.73266985107895466       0.73286161720640752        0.0000000000000000     
   156.11709786408682      -0.90191119642418238       0.72152944122588203       0.72170956886080229        0.0000000000000000     
   163.86227884748936      -0.90300574653283938       0.70974855463085407       0.70991736324261323        0.0000000000000000     
   172.19930308696524      -0.90279081259460647       0.69731402062772085       0.69747183936998813        0.0000000000000000     
   181.19004446679108      -0.90110803333831369       0.68421401649561808       0.68436118398759482        0.0000000000000000     
   190.90467900049239      -0.89778015707976611       0.67043860873636163       0.67057547284274510        0.0000000000000000     
   201.42305835532562      -0.89260834261745126       0.65597999693704501       0.65610691446031233        0.0000000000000000     
   212.83635598658020      -0.88536881423060165       0.64083284401889296       0.64095018031262652        0.0000000000000000     
   225.24904951666164      -0.87580904357691758       0.62499452326835381       0.62510265174635105        0.0000000000000000     
   238.78132020609476      -0.86364303755807159       0.60846553361253519       0.60856483517718196        0.0000000000000000     
   253.57197290759927      -0.84854566836238565       0.59124992312399793       0.59134078550306846        0.0000000000000000     
   269.78200964677978      -0.83014573975678307       0.57335557161561901       0.57343838857709140        0.0000000000000000     
   287.59902955149363      -0.80801736714608174       0.55479445619642753       0.55486962663906048        0.0000000000000000     
   307.24268094671038      -0.78166934780186859       0.53558319419077072       0.53565112114826552        0.0000000000000000     
   328.97146330292901      -0.75053190048021401       0.51574334749258144       0.51580443701337575        0.0000000000000000     
   353.09127493935199      -0.71393993085982599       0.49530165640965207       0.49535631630971982        0.0000000000000000     
   379.96623796612187      -0.67111168446610869       0.47429051523185239       0.47433915375559360        0.0000000000000000     
   410.03252115770766      -0.62112158014294450       0.45274818970688901       0.45279121407238293        0.0000000000000000     
   443.81614856774189      -0.56286507712775991       0.43071933993733713       0.43075715480764232        0.0000000000000000     
   481.95616352865835      -0.49501286706864012       0.40825537176145033       0.40828837763153536        0.0000000000000000     
   525.23507083122740      -0.41595060010611296       0.38541469119596794       0.38544328270153821        0.0000000000000000     
   574.61929286801126      -0.32369866276860504       0.36226321877670997       0.36228778296183994        0.0000000000000000     
   631.31358918265187      -0.21580419712649440       0.33887476887553025       0.33889568342209297        0.0000000000000000     
   696.83523163058976      -8.91937059921303621E-002  0.31533153802351660       0.31534916946763408        0.0000000000000000     
   773.11657741849172       6.00309389447983704E-002  0.29172437430490106       0.29173907624718809        0.0000000000000000     
   862.64918017426623       0.23687938324956992       0.26815301857869800       0.26816512991464836        0.0000000000000000     
   968.68983682476926       0.44788336634221504       0.24472633899031165       0.24473618219064003        0.0000000000000000     
   1095.5609690227791       0.70169573320008061       0.22156220514761116       0.22157008460746219        0.0000000000000000     
   1249.0981291186222        1.0099835469468270       0.19878718396169623       0.19879338445575118        0.0000000000000000     
   1437.3331362898321        1.3887923130864370       0.17653590035075278       0.17654068563135911        0.0000000000000000     
   1671.5660778900685        1.8606877644730844       0.15495005215860416       0.15495366374088726        0.0000000000000000     
   1968.1013537495605        2.4582256811372050       0.13417709642409767       0.13417975260700710        0.0000000000000000     
   2351.1630665428752        3.2297803579153546       0.11436851660449995       0.11437041177673277        0.0000000000000000     
   2858.0027420645515        4.2497576417780349       9.56777073787242471E-002  9.56790116596773627E-002   0.0000000000000000     
   3548.3075559827216        5.6374089065592470       7.82575952162417876E-002  7.82584544801049192E-002   0.0000000000000000     
   4522.6052784335452        7.5936382595341607       6.22579371432831000E-002  6.22584734655223307E-002   0.0000000000000000     
   5961.0291453205009        10.478529150969125       4.78225263487509974E-002  4.78228389060751657E-002   0.0000000000000000     
   8212.9219900738135        14.990548576169536       3.50862389321653922E-002  3.50864053716497815E-002   0.0000000000000000     
   12030.630676966213        22.634129991344853       2.41721776205395741E-002  2.41722558992467397E-002   0.0000000000000000     
   19289.355559028048        37.159362465121866       1.51888980656013691E-002  1.51889287433876405E-002   0.0000000000000000     
   35813.731594595032        70.215134929519209       8.22789379138837672E-003  8.22790274202577984E-003   0.0000000000000000     
   88016.479742371739        174.62640083487361       3.36132316977773250E-003  3.36132465763309745E-003   0.0000000000000000     
   463752.63562235149        926.10253412279746       6.39376296903601299E-004  6.39376350617212224E-004   0.0000000000000000     
